arrival_time,runtime,gpus
0.0,1673.999999999999,1
1.0,1683.999999999999,1
39.0,1952.999999999999,1
849.9999999999991,11487.000000000002,1
5150.999999999999,14287.0,1
5150.999999999999,3596.0,1
9120.0,3586.0,1
11873.0,321579.0,1
11874.0,321524.0,1
28388.000000000004,66223.0,1
28388.000000000004,304963.0,1
33880.0,6011.0,1
33880.0,170759.0,1
39381.0,169885.0,1
40864.0,552.0,1
44894.0,172395.0,1
48748.0,207423.00000000003,1
48748.0,460957.00000000006,1
48750.0,460970.00000000006,1
50402.0,246550.0,1
51634.0,1568.0,1
51643.0,430479.00000000006,1
51654.0,1548.0,1
51654.0,1733270.0,1
58759.00000000001,5283.999999999993,1
58759.00000000001,10736.999999999993,1
62194.0,3051.0,1
69008.0,5092.0,1
72401.0,2824.0,1
75785.0,140.0,1
84238.0,76096.0,1
87915.0,3480.0,1
87915.0,17964.0,1
88987.0,244309.0,1
88988.0,139253.0,1
88988.0,5810.0,1
88988.0,207952.0,1
88988.0,244195.0,1
89499.0,10731.0,1
89499.0,3876.0,1
92893.0,7381.0,1
94484.0,448353.0,1
94486.0,897558.0,1
97037.0,3598.0,1
99714.0,32282.0,1
104016.0,1863.0,1
113421.0,157.0,1
120218.0,447.0,1
120218.0,11462.0,1
123320.0,429.0,1
123629.0,2709.0,1
123629.0,2709.0,1
130490.0,13281.0,1
130490.0,8304.0,1
133906.0,2708.0,1
137333.0,5556.0,1
138466.0,5723.0,1
138469.0,5647.0,1
143977.0,11257.0,1
143979.0,321696.00000000006,1
144138.0,3956.0,1
144138.0,18627.0,1
147527.0,14270.0,1
154311.0,2709.0,1
154981.0,183714.0,1
157688.0,2709.0,1
161079.0,7670.0,1
161080.0,14344.0,1
167856.0,3663.0,1
167857.0,5176.0,1
171234.0,17348.0,1
174338.0,3350.0,1
174632.0,15729.0,1
178587.0,13679.0,1
183023.0,3594.0,1
188316.0,5649.0,1
188319.0,318.0,1
189248.0,5044.0,1
191746.0,6030.0,1
191746.0,2565.0,1
195155.0,9251.0,1
198572.0,5626.0,1
199079.0,233600.0,1
199079.0,227810.0,1
201986.0,180637.0,1
201986.0,179779.0,1
204635.0,368440.0,1
205401.0,1147.0,1
205401.0,1147.0,1
206527.0,22726.00000000003,1
206537.0,176476.0,1
206545.0,23754.00000000003,1
206546.0,886303.0,1
206572.0,120917.0,1
206573.0,3666.0,1
206573.0,120681.0,1
206573.0,886307.0,1
206573.0,120691.0,1
206573.0,120872.0,1
206573.0,176564.0,1
206574.0,120642.0,1
206574.0,120855.0,1
206574.0,176573.0,1
208321.0,284.0,1
208321.0,1810.0,1
208322.0,295.0,1
208322.0,288.0,1
208354.0,321.0,1
208354.0,409.0,1
209117.0,87941.0,1
209119.0,514.0,1
209119.0,8169.0,1
209119.0,368353.0,1
209119.0,368438.0,1
209119.0,368525.0,1
210004.0,2708.0,1
210004.0,2708.0,1
210004.0,2708.0,1
210004.0,3652.0,1
210004.0,3543.0,1
210004.0,3597.0,1
210004.0,3606.0,1
210004.0,3630.0,1
210004.0,98644.0,1
211455.0,5969.0,1
213432.0,3472.0,1
213432.0,6900.0,1
213432.0,6913.0,1
213432.0,113736.0,1
213432.0,23887.00000000003,1
213717.0,652.0,1
216816.0,20603.00000000003,1
216816.0,3557.0,1
216816.0,20610.00000000003,1
216816.0,20524.00000000003,1
216816.0,3692.0,1
216817.0,3617.0,1
216818.0,20777.00000000003,1
216966.0,360329.0,1
216966.0,80075.0,1
216966.0,121875.0,1
220249.0,13803.00000000003,1
220249.0,10325.00000000003,1
220249.0,13688.00000000003,1
220249.0,10328.00000000003,1
220249.0,13758.00000000003,1
220249.0,10312.00000000003,1
228004.0,22507.00000000003,1
230412.00000000003,3745.0,1
230412.00000000003,3490.0,1
231668.00000000003,1474.0,1
233394.00000000003,4325.0,1
233404.00000000003,93952.99999999997,1
233810.00000000003,3537.0,1
233810.00000000003,65034.99999999997,1
237207.00000000003,61464.99999999997,1
237207.00000000003,4184.0,1
237207.00000000003,61522.99999999997,1
237207.00000000003,62353.99999999997,1
237207.00000000003,61738.99999999997,1
237212.00000000003,61459.99999999997,1
240615.00000000003,59326.99999999997,1
250098.00000000003,1959497.0,1
255644.00000000003,10963.99999999997,1
260743.0,2552.0,1
266694.0,11084.0,1
274236.0,4428.0,1
274236.0,3597.0,1
277722.0,27911.0,1
298578.0,802202.0,1
298579.0,1740464.0,1
298579.0,1484378.0,1
298579.0,1042348.0,1
298579.0,3535.0,1
298579.0,1483643.0,1
298579.0,1152128.0,1
301969.0,604260.0,1
305319.0,28262.0,1
313848.0,879934.0,1
314660.0,1088.0,1
315602.0,1451004.0,1
315603.0,1997997.0,1
315603.0,2308419.0,1
316454.0,6141.0,1
320389.0,58080.0,1
321392.0,852690.0,1
321392.0,71861.0,1
321392.0,75283.0,1
321392.0,2097.0,1
321392.0,696704.0,1
321393.0,1256.0,1
322014.0,1408.0,1
322646.0,386.0,1
323107.0,16969.0,1
325832.0,985.0,1
327058.0,3756.0,1
327058.0,1123922.0,1
327060.0,3818.0,1
332042.0,6542.0,1
332957.0,2218655.0,1
332957.0,667764.0,1
332957.0,33572.0,1
332958.0,11551.0,1
332958.0,1222088.0,1
332958.0,6066.0,1
332958.0,5950.0,1
332958.0,5920.0,1
332958.0,16585.0,1
332958.0,1222293.0,1
332958.0,27613.0,1
332959.0,27612.0,1
332959.0,27669.0,1
332959.0,11429.0,1
332959.0,2218815.0,1
338480.0,27804.0,1
338481.0,5850.0,1
338481.0,1216536.0,1
338481.0,356895.0,1
338481.0,5973.0,1
338481.0,11060.0,1
338481.0,22085.0,1
338481.0,22086.0,1
338481.0,27852.0,1
338481.0,33321.0,1
338700.0,1210945.0,1
340699.0,4055.0,1
340699.0,752167.0,1
340699.0,822916.0,1
340699.0,832848.0,1
340699.0,832807.0,1
340699.0,833102.0,1
340699.0,833240.0,1
340699.0,833579.0,1
344010.0,5964.0,1
347119.0,2171.0,1
349545.0,5567.0,1
349545.0,284606.0,1
349545.0,284727.0,1
350194.0,14866.0,1
350195.0,3599.0,1
355057.0,165556.0,1
360580.0,11151.0,1
360581.0,1194726.0,1
360581.0,295833.0,1
360581.0,160141.0,1
366078.0,1189125.0,1
366078.0,1242935.0,1
371573.0,821896.0,1
377423.0,1123668.0,1
377457.0,66.0,1
378025.0,67.0,1
381201.0,11249.0,1
381201.0,11249.0,1
381202.0,11248.0,1
381202.0,11248.0,1
381769.0,38.0,1
382897.0,3593.0,1
382897.0,5606.0,1
382897.0,3593.0,1
382897.0,3541.0,1
382897.0,3620.0,1
382899.0,3620.0,1
384194.0,29.0,1
384462.0,79.0,1
386303.0,6970.0,1
386303.0,6899.0,1
393101.0,3563.0,1
393101.0,3626.0,1
393101.0,3622.0,1
398807.0,436193.0,1
398807.0,436193.0,1
398807.0,436193.0,1
398807.0,436193.0,1
398807.0,436193.0,1
398807.0,436193.0,1
398807.0,436193.0,1
398807.0,436193.0,1
398807.0,436193.0,1
406756.0,2216662.0,1
417913.0,51362.00000000006,1
417913.0,51362.00000000006,1
417915.0,51350.00000000006,1
417915.0,51350.00000000006,1
432274.0,145204.0,1
432275.0,761318.0,1
433542.0,2331.0,1
441805.0,9679.0,1
441805.0,3545.0,1
478286.00000000006,3838.0,1
478286.00000000006,3479.0,1
478286.00000000006,20767.0,1
478286.00000000006,3627.0,1
478286.00000000006,3831.0,1
478286.00000000006,3558.0,1
478286.00000000006,3539.0,1
478287.00000000006,20714.0,1
478287.00000000006,20684.0,1
481685.00000000006,332186.99999999994,1
481685.00000000006,6997.0,1
481685.00000000006,3538.0,1
481686.00000000006,3620.0,1
481686.00000000006,7532.0,1
481686.00000000006,6981.0,1
481686.00000000006,3594.0,1
481686.00000000006,6978.0,1
481686.00000000006,3537.0,1
485083.00000000006,532670.0,1
488493.00000000006,10385.0,1
488494.00000000006,10444.0,1
488494.00000000006,10964.0,1
488494.00000000006,10390.0,1
498785.00000000006,3603.0,1
498786.00000000006,4113.0,1
498786.00000000006,3597.0,1
502216.00000000006,4108.0,1
502216.00000000006,3591.0,1
502217.00000000006,10446.0,1
509051.00000000006,3586.0,1
509051.00000000006,4087.0,1
509493.00000000006,684036.0,1
512484.00000000006,4179.0,1
512484.00000000006,3646.0,1
512487.00000000006,3618.0,1
515165.00000000006,762.0,1
515918.00000000006,4139.0,1
515918.00000000006,6855.999999999942,1
515919.00000000006,7045.999999999942,1
519348.00000000006,3478.999999999942,1
519943.00000000006,2639.999999999942,1
520558.0,11263.0,1
522777.0,30816.0,1
522777.0,13673.0,1
522777.0,30797.0,1
522993.0,14898.0,1
525749.0,12121.0,1
525753.0,3602.0,1
531592.0,662021.0,1
536416.0,17666.0,1
542622.0,5846.0,1
543445.0,10467.0,1
546596.0,6938.0,1
546596.0,1493167.0,1
546596.0,546255.0,1
546596.0,6927.0,1
546598.0,6989.0,1
548123.0,645355.0,1
553416.0,3641.0,1
553959.0,3372.0,1
556831.0,251821.0,1
556833.0,270831.0,1
556837.0,4286.0,1
560216.0,2708.0,1
560216.0,2707.0,1
560216.0,2708.0,1
563642.0,2710.0,1
563642.0,2710.0,1
563642.0,2709.0,1
570451.0,7375.0,1
570451.0,279094.0,1
570451.0,279076.0,1
570451.0,7226.0,1
570451.0,6965.0,1
570451.0,7071.0,1
570451.0,279785.0,1
570451.0,279309.0,1
570451.0,279346.0,1
570452.0,7226.0,1
570662.0,257004.0,1
570664.0,237992.0,1
572470.0,72399.0,1
577236.0,45739.0,1
577236.0,45655.0,1
577236.0,45642.0,1
577278.0,3672.0,1
577278.0,272258.0,1
577279.0,3954.0,1
578072.0,130.0,1
580704.0,10488.0,1
580705.0,10796.0,1
590980.0,10747.0,1
597808.0,7074.0,1
606353.0,3522.0,1
606353.0,893.0,1
612881.0,11394.0,1
612881.0,3595.0,1
617382.0,3593.0,1
622638.0,5746.0,1
622638.0,22378.0,1
622638.0,5864.0,1
622638.0,5883.0,1
628149.0,16717.0,1
633682.0,6124.0,1
633682.0,1852576.0,1
639191.0,22644.0,1
644706.0,1841603.0,1
644708.0,6157.0,1
648773.0,2183.0,1
650203.0,529322.0,1
655734.0,743258.0,1
661240.0,485325.0,1
692753.0,4014.0,1
692753.0,646.0,1
695389.0,114886.0,1
701802.0,8892.0,1
763117.0,48085.0,1
779148.0,2627.0,1
791505.0,3596.0,1
791505.0,5575.0,1
809759.0,43445.0,1
811899.0,37691.0,1
818698.0,963767.0,1
818699.0,962820.0,1
818699.0,3482.0,1
822092.0,3535.0,1
825481.0,957154.0,1
825481.0,958733.0,1
825481.0,958660.0,1
825481.0,3948.0,1
825481.0,6966.0,1
825481.0,7510.0,1
825481.0,957119.0,1
825481.0,957119.0,1
825481.0,958735.0,1
825481.0,957119.0,1
827653.0,933916.0,1
828886.0,953763.0,1
832300.0,165897.0,1
832300.0,7272.0,1
832301.0,3608.0,1
832301.0,166027.0,1
832301.0,165914.0,1
832301.0,7014.0,1
832301.0,167141.0,1
832301.0,166489.0,1
832301.0,165914.0,1
832302.0,166011.0,1
834890.0,1044643.0,1
834890.0,1098.0,1
834890.0,4502.0,1
835714.0,3678.0,1
835716.0,3551.0,1
835716.0,4110.0,1
835719.0,3591.0,1
839117.0,1040416.0,1
839120.0,943086.0,1
845480.0,3421.0,1
845512.0,3317.0,1
847610.0,946.0,1
847645.0,945.0,1
848082.0,140.0,1
848082.0,140.0,1
848082.0,140.0,1
848082.0,140.0,1
848082.0,140.0,1
848082.0,140.0,1
848082.0,140.0,1
848082.0,148844.0,1
848082.0,148638.0,1
848082.0,140.0,1
848082.0,140.0,1
848082.0,140.0,1
848082.0,140.0,1
848082.0,140.0,1
848587.0,244.0,1
849331.0,149026.0,1
849332.0,20663.0,1
856150.0,141772.0,1
865552.0,2812.0,1
869816.0,17251.0,1
869817.0,17413.0,1
869817.0,17398.0,1
869818.0,17065.0,1
878439.0,4993.0,1
878439.0,3610.0,1
879896.0,7750.0,1
881526.0,6088.0,1
886783.0,3941.0,1
886783.0,16518.0,1
886783.0,16512.0,1
886785.0,15892.0,1
886787.0,992746.0,1
890227.0,13036.0,1
898332.0,101509.0,1
898342.0,20861.0,1
898342.0,229374.0,1
898909.0,18511.0,1
898909.0,18860.0,1
898909.0,18842.0,1
898909.0,20049.0,1
898909.0,18509.0,1
898909.0,201091.0,1
898909.0,100011.0,1
898909.0,101069.0,1
898909.0,204511.0,1
898909.0,101299.0,1
898909.0,201089.0,1
898918.0,3583.0,1
898918.0,20002.0,1
898918.0,100467.0,1
898918.0,1232544.0,1
898918.0,104120.0,1
898918.0,19992.0,1
898918.0,20176.0,1
898918.0,20173.0,1
898918.0,20408.0,1
898918.0,100283.0,1
900998.0,18112.0,1
902144.0,25122.0,1
902163.0,316.0,1
902163.0,316.0,1
902163.0,316.0,1
902163.0,316.0,1
902163.0,316.0,1
902163.0,431.0,1
902163.0,316.0,1
902163.0,316.0,1
902163.0,316.0,1
902427.0,210383.0,1
902427.0,103601.0,1
902428.0,10376.0,1
905850.0,13249.0,1
905851.0,207217.0,1
905851.0,698711.0,1
905851.0,206999.0,1
905851.0,194343.0,1
905851.0,194622.0,1
910187.0,201433.0,1
910188.0,1463067.0,1
910198.0,202637.0,1
910649.0,510513.0,1
910650.0,510425.0,1
910903.0,202222.0,1
910913.0,192477.0,1
910919.0,200798.0,1
910927.0,200676.0,1
910930.0,201069.0,1
910935.0,89340.0,1
910937.0,192520.0,1
910939.0,89373.0,1
912701.0,87092.0,1
915031.0,741.0,1
915031.0,741.0,1
915031.0,741.0,1
915031.0,743.0,1
915031.0,741.0,1
915031.0,741.0,1
915031.0,741.0,1
915031.0,741.0,1
915031.0,741.0,1
915031.0,741.0,1
915031.0,741.0,1
915031.0,741.0,1
915031.0,741.0,1
915031.0,741.0,1
915031.0,741.0,1
915031.0,741.0,1
915031.0,741.0,1
915031.0,741.0,1
915031.0,741.0,1
915031.0,741.0,1
915031.0,741.0,1
915031.0,741.0,1
915031.0,741.0,1
915031.0,741.0,1
915031.0,741.0,1
915031.0,741.0,1
915031.0,741.0,1
915031.0,741.0,1
915031.0,743.0,1
915571.0,80137.0,1
915571.0,95327.0,1
915573.0,81406.0,1
915573.0,129.0,1
915573.0,81.0,1
915573.0,81135.0,1
915761.0,80268.0,1
915770.0,81899.0,1
915775.0,3088.0,1
915777.0,3086.0,1
915876.0,81825.0,1
916689.0,910.0,1
916691.0,910.0,1
916899.0,186541.0,1
916899.0,175995.0,1
916899.0,175995.0,1
916899.0,83361.0,1
916900.0,612403.0,1
916900.0,612194.0,1
916900.0,107863.0,1
916900.0,186608.0,1
916900.0,186544.0,1
916900.0,612098.0,1
916901.0,577206.0,1
916901.0,577189.0,1
916901.0,612087.0,1
916901.0,611957.0,1
916901.0,577105.0,1
916901.0,612017.0,1
916902.0,577462.0,1
916942.0,612045.0,1
916942.0,179663.0,1
916942.0,175952.0,1
916942.0,611128.0,1
916942.0,175952.0,1
916943.0,179804.0,1
916945.0,611973.0,1
916947.0,577070.0,1
917673.0,912.0,1
918625.0,184.0,1
918881.0,258.0,1
918883.0,184562.0,1
918954.0,80248.0,1
918964.0,2879.0,1
919063.0,2768.0,1
919137.0,454601.0,1
919137.0,89295.0,1
920358.0,1393211.0,1
921680.0,77534.0,1
921680.0,77537.0,1
927186.0,86895.0,1
927250.0,185462.0,1
927251.0,185494.0,1
927251.0,73118.0,1
927252.0,173008.0,1
927252.0,602045.0,1
927252.0,602022.0,1
927252.0,601981.0,1
927252.0,176098.0,1
927253.0,172719.0,1
947433.0,61241.0,1
947434.0,426833.0,1
951964.0,2622.0,1
952973.0,16864.0,1
959554.0,37841.0,1
961820.0,542807.0,1
961821.0,201301.0,1
961821.0,201184.0,1
969568.0,66364.0,1
975432.0,1211.0,1
975950.0,1896.0,1
986007.0,114244.0,1
986007.0,114213.0,1
991641.0,1139692.0,1
997218.0,105939.0,1
997223.0,38169.0,1
997644.0,1349.0,1
997645.0,291.0,1
997646.0,263.0,1
997646.0,82591.0,1
997646.0,287.0,1
997647.0,288.0,1
997682.0,105729.0,1
998083.0,105377.0,1
998083.0,105313.0,1
998083.0,106966.0,1
998083.0,105390.0,1
998083.0,105231.0,1
998083.0,105888.0,1
998584.0,104.0,1
998584.0,104833.0,1
998588.0,157.0,1
998588.0,137.0,1
998588.0,129.0,1
998773.0,367.0,1
998778.0,155.0,1
998781.0,104.0,1
998783.0,4029.0,1
998814.0,69.0,1
998886.0,58.0,1
998949.0,374605.0,1
998978.0,71.0,1
998987.0,20350.0,1
999073.0,36764.0,1
999093.0,3708.0,1
999124.0,44.0,1
999250.0,86414.0,1
999265.0,19108.0,1
1000045.0,100063.0,1
1000045.0,92849.0,1
1000046.0,782.0,1
1001483.0,2714.0,1
1002707.0,371127.0,1
1002707.0,16720.0,1
1002707.0,471003.0,1
1004865.0,4833.0,1
1004865.0,14397.0,1
1008193.0,11200.0,1
1008194.0,88476.0,1
1008293.0,3431.0,1
1011243.0,1821.0,1
1012602.0,1797.0,1
1013771.0,5587.0,1
1013903.0,2917.0,1
1015204.0,2996.0,1
1015795.0,283.0,1
1017710.0,1743.0,1
1019262.0,60868.0,1
1019262.0,8533.0,1
1019262.0,354514.0,1
1019263.0,5876.0,1
1024764.0,309378.0,1
1024772.0,5465.0,1
1027466.0,305064.0,1
1030083.0,385649.0,1
1035617.0,296634.0,1
1035617.0,321448.0,1
1035618.0,296717.0,1
1038347.0,2581.0,1
1038347.0,2581.0,1
1068654.0,72220.0,1
1078063.0,12154.0,1
1079810.0,5718.0,1
1079810.0,5643.0,1
1085087.0,11548.0,1
1085324.0,55573.0,1
1085324.0,55597.0,1
1085325.0,66519.0,1
1088378.0,503.0,1
1088381.0,15062.0,1
1089139.0,31147.0,1
1093051.0,10459.0,1
1093051.0,400875.0,1
1096361.0,55699.0,1
1096361.0,97025.0,1
1096438.0,1217189.0,1
1098196.0,331677.0,1
1098196.0,331717.0,1
1098196.0,18283.0,1
1098196.0,18283.0,1
1098196.0,82344.0,1
1098196.0,429034.0,1
1098196.0,334371.0,1
1098196.0,331835.0,1
1098196.0,331717.0,1
1098196.0,82344.0,1
1098196.0,82344.0,1
1098196.0,16735.0,1
1098196.0,17694.0,1
1098196.0,17573.0,1
1098196.0,18290.0,1
1098196.0,18283.0,1
1098196.0,334368.0,1
1098196.0,332408.0,1
1098196.0,333994.0,1
1098196.0,333693.0,1
1098196.0,82344.0,1
1098196.0,332189.0,1
1098196.0,429763.0,1
1098197.0,332035.0,1
1099843.0,1447011.0,1
1101734.0,8270.0,1
1101815.0,814.0,1
1101835.0,187.0,1
1103240.0,78467.0,1
1103240.0,2579.0,1
1103241.0,426997.0,1
1103241.0,328626.0,1
1103242.0,328543.0,1
1103242.0,328523.0,1
1103242.0,328620.0,1
1103244.0,937223.0,1
1103246.0,328545.0,1
1103264.0,6.0,1
1103476.0,6.0,1
1105513.0,326375.0,1
1111477.0,3818.0,1
1111477.0,6573.0,1
1111477.0,5265.0,1
1111477.0,3764.0,1
1111477.0,4922.0,1
1111477.0,3907.0,1
1111477.0,3976.0,1
1111477.0,5006.0,1
1111477.0,3878.0,1
1111478.0,320422.0,1
1114073.0,2664.0,1
1116284.0,3748.0,1
1116285.0,919500.0,1
1117617.0,27495.0,1
1117618.0,314270.0,1
1117618.0,314620.0,1
1117618.0,314273.0,1
1119259.0,13712.0,1
1124869.0,14441.0,1
1127632.0,13075.0,1
1132304.0,14948.0,1
1138669.0,17137.0,1
1140591.0,392370.0,1
1140591.0,11572.0,1
1140591.0,216566.0,1
1140591.0,392284.0,1
1144784.0,287349.0,1
1145989.0,19867.0,1
1146097.0,11791.0,1
1151682.0,510979.0,1
1151682.0,347009.0,1
1151683.0,5964.0,1
1151864.0,3578.0,1
1154380.0,9.0,1
1154733.0,16711.0,1
1157194.0,527859.0,1
1157195.0,677691.0,1
1162085.0,3480.0,1
1162700.0,5846.0,1
1162701.0,30834.0,1
1164869.0,14740.0,1
1167380.0,9.0,1
1167764.0,3176.0,1
1168235.0,30906.0,1
1168531.0,6.0,1
1170555.0,13916.0,1
1173371.0,2596.0,1
1173375.0,1450636.0,1
1175652.0,256214.0,1
1175661.0,5.0,1
1175805.0,1072.0,1
1176483.0,3122.0,1
1179252.0,27551.0,1
1179301.0,19596.0,1
1179902.0,2503.0,1
1180015.0,353597.0,1
1180015.0,353695.0,1
1180015.0,2692.0,1
1180015.0,353586.0,1
1180344.0,234902.0,1
1180345.0,353257.0,1
1180345.0,2395.0,1
1180345.0,353257.0,1
1180345.0,353257.0,1
1182055.0,233436.0,1
1182537.0,232949.0,1
1182537.0,2502.0,1
1183211.0,11.0,1
1183750.0,29621.0,1
1184722.0,231591.0,1
1190290.0,5.0,1
1193110.0,89671.0,1
1193110.0,5900.0,1
1193110.0,280566.0,1
1193110.0,158834.0,1
1193110.0,60804.0,1
1193110.0,11419.0,1
1193110.0,5840.0,1
1193110.0,273434.0,1
1193110.0,273331.0,1
1193110.0,6293.0,1
1193110.0,5692.0,1
1193111.0,599249.0,1
1193113.0,11200.0,1
1193113.0,11730.0,1
1193113.0,22403.0,1
1198621.0,306054.0,1
1198622.0,11258.0,1
1198623.0,33412.0,1
1198623.0,268114.0,1
1204137.0,178889.0,1
1204138.0,89829.0,1
1204138.0,351057.0,1
1204138.0,5961.0,1
1204880.0,5.0,1
1205655.0,14019.0,1
1209658.0,5565.0,1
1209660.0,5762.0,1
1211146.0,836.0,1
1211413.0,7.0,1
1212070.0,14365.0,1
1215180.0,340024.0,1
1215180.0,258504.0,1
1215180.0,630705.0,1
1215181.0,258561.0,1
1219030.0,15288.0,1
1219080.0,6.0,1
1225571.0,5.0,1
1231713.0,151253.0,1
1232652.0,6.0,1
1233185.0,7844.0,1
1233803.0,13.0,1
1238663.0,5.0,1
1240395.0,15511.0,1
1240577.0,17.0,1
1246811.0,6.0,1
1247836.0,14513.0,1
1253788.0,56607.0,1
1254370.0,8.0,1
1255275.0,11829.0,1
1260441.0,8.0,1
1261693.0,7.0,1
1261756.0,11867.0,1
1266010.0,27494.0,1
1266380.0,7.0,1
1272970.0,22746.0,1
1273285.0,14.0,1
1278517.0,590.0,1
1280541.0,3.0,1
1282581.0,6095.0,1
1288101.0,316392.0,1
1288102.0,4.0,1
1292050.0,17355.0,1
1293617.0,527777.0,1
1294941.0,6.0,1
1294997.0,15740.0,1
1297556.0,1200.0,1
1297559.0,650.0,1
1297559.0,4011.0,1
1302861.0,6.0,1
1307710.0,9435.0,1
1309091.0,6.0,1
1310111.0,8851.0,1
1316181.0,8.0,1
1316580.0,7694.0,1
1317911.0,8013.0,1
1318102.0,8.0,1
1323266.0,7.0,1
1323562.0,15288.0,1
1324876.0,6763.0,1
1325301.0,8.0,1
1331065.0,15.0,1
1331111.0,14622.0,1
1332231.0,200828.0,1
1332232.0,50717.0,1
1332232.0,5674.0,1
1334204.0,73935.0,1
1337121.0,10.0,1
1337725.0,265400.0,1
1337902.0,5.0,1
1338187.0,9841.0,1
1340455.0,75251.0,1
1340935.0,322.0,1
1345181.0,9452.0,1
1345461.0,6.0,1
1346956.0,32446.0,1
1347391.0,6.0,1
1351448.0,147728.0,1
1354020.0,29514.0,1
1354632.0,3.0,1
1356966.0,224136.0,1
1356966.0,505312.0,1
1361732.0,6.0,1
1368852.0,6.0,1
1373457.0,196722.0,1
1373457.0,196621.0,1
1373457.0,387522.0,1
1376052.0,8.0,1
1378452.0,12411.0,1
1382615.0,5476.0,1
1382615.0,5510.0,1
1382616.0,302266.0,1
1382781.0,14888.0,1
1383613.0,17.0,1
1383964.0,2155.0,1
1384411.0,9.0,1
1388104.0,684161.0,1
1388104.0,237935.0,1
1388106.0,5884.0,1
1390213.0,14649.0,1
1391873.0,4.0,1
1393615.0,210877.0,1
1397161.0,14943.0,1
1397762.0,6.0,1
1399114.0,5818.0,1
1404251.0,15108.0,1
1404635.0,209810.0,1
1405022.0,7.0,1
1408206.0,113813.0,1
1408342.0,7.0,1
1411285.0,2.0,1
1411511.0,15235.0,1
1412346.0,4.0,1
1414488.0,119120.0,1
1414837.0,344.0,1
1415290.0,2414.0,1
1415290.0,2512.0,1
1415290.0,108835.0,1
1415995.0,450.0,1
1417275.0,7164.0,1
1417314.0,297686.0,1
1418726.0,14966.0,1
1419544.0,24.0,1
1420930.0,205190.0,1
1421567.0,9109.0,1
1421719.0,383.0,1
1421779.0,13704.0,1
1422515.0,73.0,1
1422883.0,96.0,1
1423085.0,87.0,1
1423198.0,1704.0,1
1423288.0,5397.0,1
1423508.0,116.0,1
1423938.0,159.0,1
1424375.0,114.0,1
1424532.0,891.0,1
1424727.0,4686.0,1
1425439.0,8793.0,1
1425963.0,476.0,1
1426150.0,15668.0,1
1426451.0,1245.0,1
1426745.0,4.0,1
1427242.0,2853.0,1
1428038.0,4087.0,1
1428999.0,1629.0,1
1429780.0,90.0,1
1429862.0,9405.0,1
1429951.0,85.0,1
1430530.0,608525.0,1
1430717.0,3661.0,1
1430839.0,1795.0,1
1430839.0,1795.0,1
1430839.0,1795.0,1
1430839.0,1795.0,1
1430839.0,1795.0,1
1430839.0,1795.0,1
1430839.0,1795.0,1
1430839.0,1795.0,1
1430839.0,1795.0,1
1430839.0,1795.0,1
1430839.0,1795.0,1
1430839.0,1795.0,1
1430839.0,1795.0,1
1430839.0,1795.0,1
1430839.0,1795.0,1
1430839.0,1795.0,1
1430839.0,1795.0,1
1430839.0,1795.0,1
1430839.0,1795.0,1
1430839.0,1795.0,1
1430839.0,1795.0,1
1430839.0,1795.0,1
1430839.0,1795.0,1
1430839.0,1795.0,1
1430839.0,1795.0,1
1430839.0,1795.0,1
1430839.0,1361.0,1
1430839.0,1374.0,1
1430839.0,1795.0,1
1430839.0,1795.0,1
1430839.0,1795.0,1
1430839.0,1795.0,1
1430839.0,1795.0,1
1430839.0,1795.0,1
1430960.0,5396.0,1
1431669.0,608136.0,1
1431671.0,5030.0,1
1431671.0,621.0,1
1431671.0,606.0,1
1431850.0,12989.0,1
1431851.0,4670.0,1
1431851.0,3196.0,1
1431851.0,4730.0,1
1431851.0,3277.0,1
1431851.0,4970.0,1
1431931.0,14092.0,1
1431938.0,3473.0,1
1431951.0,3243.0,1
1431953.0,207.0,1
1431955.0,3660.0,1
1431966.0,2941.0,1
1431984.0,13576.0,1
1431987.0,3013.0,1
1431991.0,227.0,1
1432013.0,32.0,1
1432067.0,52.0,1
1432473.0,6161.0,1
1433023.0,671.0,1
1433331.0,5382.0,1
1433842.0,12.0,1
1433975.0,4041.0,1
1434072.0,10.0,1
1434534.0,64.0,1
1434887.0,4285.0,1
1435054.0,93756.0,1
1435054.0,5352.0,1
1435056.0,5074.0,1
1435056.0,5074.0,1
1435599.0,10653.0,1
1436228.0,3079.0,1
1436546.0,13733.0,1
1436836.0,3294.0,1
1436836.0,11579.0,1
1436836.0,3295.0,1
1436984.0,2507.0,1
1438778.0,8439.0,1
1438806.0,9783.0,1
1438974.0,17653.0,1
1439239.0,9748.0,1
1439934.0,8482.0,1
1439934.0,8482.0,1
1440721.0,7890.0,1
1441286.0,4190.0,1
1441299.0,12489.0,1
1441339.0,741.0,1
1441534.0,758.0,1
1441596.0,8.0,1
1442082.0,7240.0,1
1442318.0,6234.0,1
1444456.0,2086.0,1
1445143.0,61290.0,1
1445143.0,61594.0,1
1445145.0,60886.0,1
1446363.0,8029.0,1
1446939.0,12246.0,1
1447194.0,2078.0,1
1447194.0,81407.0,1
1447194.0,58531.0,1
1447194.0,81436.0,1
1447195.0,81556.0,1
1447195.0,2078.0,1
1447195.0,2193.0,1
1447474.0,548.0,1
1448224.0,30959.0,1
1448227.0,1356.0,1
1448227.0,85375.0,1
1448227.0,80688.0,1
1448349.0,6043.0,1
1448626.0,2902.0,1
1448771.0,744.0,1
1449383.0,4099.0,1
1449383.0,84413.0,1
1449383.0,1772.0,1
1449690.0,4275.0,1
1450533.0,82964.0,1
1450533.0,83088.0,1
1450533.0,82966.0,1
1450533.0,83068.0,1
1450533.0,83068.0,1
1450534.0,1046587.0,1
1450534.0,336847.0,1
1450534.0,1046798.0,1
1450534.0,83264.0,1
1450535.0,83071.0,1
1450627.0,316.0,1
1450803.0,8270.0,1
1451538.0,755.0,1
1452437.0,3584.0,1
1452745.0,3672.0,1
1453967.0,5797.0,1
1454323.0,734.0,1
1454358.0,11.0,1
1454358.0,11.0,1
1454358.0,11.0,1
1454358.0,11.0,1
1454358.0,11.0,1
1454878.0,14759.0,1
1455003.0,46575.0,1
1455066.0,9208.0,1
1455687.0,384.0,1
1456040.0,928.0,1
1456352.0,7.0,1
1456615.0,217.0,1
1456859.0,10754.0,1
1456977.0,16099.0,1
1456988.0,115.0,1
1457438.0,370.0,1
1457810.0,817.0,1
1458630.0,1774.0,1
1459101.0,854487.0,1
1459101.0,47090.0,1
1459101.0,854527.0,1
1459101.0,854457.0,1
1459211.0,2162.0,1
1459433.0,5664.0,1
1459625.0,570.0,1
1460469.0,7433.0,1
1461050.0,927.0,1
1461845.0,2489.0,1
1463709.0,3232.0,1
1464025.0,2195.0,1
1464435.0,8934.0,1
1464851.0,14402.0,1
1465962.0,1821.0,1
1466043.0,3615.0,1
1466247.0,274394.0,1
1466594.0,3585.0,1
1468698.0,59.0,1
1469236.0,3135.0,1
1469433.0,844195.0,1
1469433.0,844194.0,1
1469433.0,844195.0,1
1469433.0,844195.0,1
1469433.0,844195.0,1
1469913.0,13.0,1
1470296.0,649.0,1
1470297.0,2276.0,1
1472078.0,3093.0,1
1472105.0,1886.0,1
1472790.0,10082.0,1
1472955.0,2849.0,1
1473006.0,2612.0,1
1473449.0,59968.0,1
1473449.0,107555.0,1
1473449.0,42065.0,1
1473449.0,41987.0,1
1473874.0,3279.0,1
1473906.0,3982.0,1
1474232.0,2503.0,1
1474588.0,374.0,1
1474664.0,6474.0,1
1474926.0,3080.0,1
1475417.0,969.0,1
1475642.0,3204.0,1
1475873.0,2009.0,1
1476040.0,2286.0,1
1476309.0,322.0,1
1476327.0,12774.0,1
1476611.0,2464.0,1
1476980.0,6379.0,1
1476982.0,312.0,1
1477564.0,20541.0,1
1477593.0,4.0,1
1477753.0,2220.0,1
1477913.0,246.0,1
1478168.0,2472.0,1
1478188.0,8864.0,1
1478758.0,2359.0,1
1479569.0,11169.0,1
1479731.0,3567.0,1
1480268.0,1694.0,1
1480431.0,6024.0,1
1480789.0,5632.0,1
1480806.0,3110.0,1
1482908.0,2284.0,1
1483102.0,2131.0,1
1483459.0,67.0,1
1483473.0,1923.0,1
1483692.0,3159.0,1
1484027.0,137.0,1
1484068.0,122.0,1
1484072.0,5.0,1
1484476.0,3362.0,1
1484555.0,18379.0,1
1485048.0,4933.0,1
1486155.0,5293.0,1
1486467.0,3541.0,1
1486673.0,3574.0,1
1486882.0,11937.0,1
1487144.0,4454.0,1
1487441.0,6674.0,1
1487871.0,370.0,1
1488458.0,2485.0,1
1488544.0,577.0,1
1488675.0,7521.0,1
1488921.0,161.0,1
1489170.0,279.0,1
1489451.0,1058.0,1
1489718.0,720.0,1
1490300.0,6200.0,1
1490452.0,8391.0,1
1490497.0,3208.0,1
1490527.0,775.0,1
1490981.0,8300.0,1
1491006.0,1016.0,1
1491238.0,2525.0,1
1491316.0,2411.0,1
1491849.0,4678.0,1
1492053.0,5.0,1
1492319.0,592.0,1
1492498.0,2935.0,1
1492675.0,378.0,1
1493065.0,3130.0,1
1493187.0,352501.0,1
1493447.0,4093.0,1
1493496.0,4113.0,1
1493525.0,429.0,1
1493812.0,12135.0,1
1493814.0,385718.0,1
1493815.0,1003606.0,1
1493815.0,9055.0,1
1493815.0,1003692.0,1
1493815.0,7706.0,1
1493815.0,1003708.0,1
1494011.0,8882.0,1
1494737.0,8.0,1
1495263.0,1798.0,1
1495445.0,9810.0,1
1495570.0,2649.0,1
1495570.0,9194.0,1
1495571.0,30435.0,1
1495571.0,1001840.0,1
1495571.0,30906.0,1
1495571.0,30461.0,1
1495571.0,30474.0,1
1495571.0,7579.0,1
1495580.0,7188.0,1
1495580.0,30583.0,1
1495580.0,7126.0,1
1496029.0,1778.0,1
1496224.0,4754.0,1
1497206.0,4116.0,1
1497345.0,4131.0,1
1497508.0,8050.0,1
1497643.0,7402.0,1
1497647.0,4405.0,1
1498294.0,2403.0,1
1498683.0,224867.0,1
1498683.0,34563.0,1
1498684.0,224854.0,1
1498684.0,34270.0,1
1498686.0,28556.0,1
1498777.0,13.0,1
1499046.0,2983.0,1
1499487.0,5151.0,1
1499877.0,562.0,1
1500130.0,739.0,1
1500720.0,1945.0,1
1500871.0,4707.0,1
1500982.0,463.0,1
1501007.0,6035.0,1
1501172.0,583.0,1
1501631.0,5405.0,1
1502514.0,3872.0,1
1502514.0,390747.0,1
1502516.0,3635.0,1
1502516.0,26398.0,1
1502517.0,26467.0,1
1502670.0,4011.0,1
1503263.0,6.0,1
1503320.0,25536.0,1
1504061.0,1519.0,1
1504108.0,971.0,1
1504108.0,971.0,1
1504108.0,971.0,1
1504108.0,973.0,1
1504108.0,971.0,1
1504108.0,971.0,1
1504108.0,971.0,1
1504108.0,971.0,1
1504108.0,971.0,1
1504108.0,971.0,1
1504108.0,971.0,1
1504108.0,971.0,1
1504108.0,971.0,1
1504108.0,971.0,1
1504108.0,971.0,1
1504108.0,971.0,1
1504108.0,971.0,1
1504108.0,971.0,1
1504108.0,971.0,1
1504108.0,971.0,1
1504108.0,971.0,1
1504108.0,971.0,1
1504108.0,971.0,1
1504108.0,971.0,1
1504108.0,971.0,1
1504108.0,971.0,1
1504108.0,971.0,1
1504108.0,971.0,1
1504108.0,971.0,1
1504108.0,971.0,1
1504108.0,973.0,1
1504108.0,973.0,1
1504108.0,973.0,1
1504108.0,973.0,1
1504108.0,973.0,1
1504108.0,971.0,1
1504170.0,2689.0,1
1504205.0,34251.0,1
1504205.0,34564.0,1
1504205.0,34449.0,1
1504206.0,245689.0,1
1504206.0,34265.0,1
1504605.0,2436.0,1
1504937.0,25517.0,1
1504978.0,14227.0,1
1505086.0,5769.0,1
1505086.0,5769.0,1
1505087.0,5768.0,1
1505087.0,5768.0,1
1505087.0,1132.0,1
1505087.0,5767.0,1
1505464.0,20869.0,1
1505621.0,375.0,1
1505822.0,13592.0,1
1505822.0,13598.0,1
1505822.0,13424.0,1
1505905.0,1852.0,1
1506505.0,1246.0,1
1507607.0,990036.0,1
1507610.0,21244.0,1
1509136.0,14.0,1
1510856.0,10835.0,1
1513656.0,21.0,1
1515266.0,219924.0,1
1515267.0,9519.0,1
1518670.0,573.0,1
1518671.0,1985.0,1
1519044.0,2030.0,1
1519044.0,1875.0,1
1519048.0,3452.0,1
1519048.0,1608.0,1
1519050.0,3225.0,1
1519051.0,1765.0,1
1519053.0,1546.0,1
1520453.0,2116.0,1
1520463.0,793165.0,1
1522062.0,1794.0,1
1522082.0,102666.0,1
1523471.0,1590.0,1
1524417.0,84138.0,1
1525906.0,513900.0,1
1528716.0,795.0,1
1528716.0,84424.0,1
1528716.0,795.0,1
1528718.0,84576.0,1
1528718.0,24484.0,1
1529338.0,15.0,1
1529357.0,42418.0,1
1529979.0,517958.0,1
1529979.0,517957.0,1
1529982.0,518015.0,1
1530278.0,424.0,1
1531902.0,393.0,1
1532713.0,76054.0,1
1532713.0,135833.0,1
1532713.0,152071.0,1
1532713.0,76054.0,1
1532715.0,135730.0,1
1533400.0,79692.0,1
1533400.0,3541.0,1
1533400.0,4926.0,1
1533400.0,3541.0,1
1533400.0,3540.0,1
1533400.0,17185.0,1
1533400.0,79667.0,1
1533400.0,3540.0,1
1533401.0,58304.0,1
1533402.0,3757.0,1
1533402.0,58148.0,1
1533402.0,58148.0,1
1533406.0,58155.0,1
1533542.0,57983.0,1
1536804.0,950.0,1
1536805.0,84402.0,1
1536805.0,511112.0,1
1536805.0,84327.0,1
1537797.0,85164.0,1
1538221.0,196880.0,1
1538221.0,146648.0,1
1538222.0,282928.0,1
1538223.0,146654.0,1
1543233.0,5.0,1
1543721.0,5823.0,1
1547265.0,45611.0,1
1549261.0,624202.0,1
1549261.0,119043.0,1
1549262.0,113467.0,1
1549262.0,200836.0,1
1550073.0,7.0,1
1550393.0,70814.0,1
1551252.0,25089.0,1
1554803.0,307540.0,1
1554803.0,65718.0,1
1554803.0,382441.0,1
1554804.0,5562.0,1
1556065.0,4.0,1
1557932.0,5.0,1
1565482.0,4.0,1
1565844.0,15437.0,1
1569927.0,9725.0,1
1569964.0,92850.0,1
1569964.0,5857.0,1
1571602.0,6.0,1
1575485.0,114867.0,1
1578082.0,9.0,1
1578807.0,9201.0,1
1579992.0,9637.0,1
1580294.0,7.0,1
1580968.0,227083.0,1
1580969.0,39348.0,1
1580975.0,905063.0,1
1584859.0,3362.0,1
1584859.0,39872.0,1
1584859.0,793427.0,1
1584860.0,3362.0,1
1585893.0,6.0,1
1587208.0,1132.0,1
1587951.0,6253.0,1
1587956.0,3650.0,1
1588392.0,12934.0,1
1588873.0,13.0,1
1590472.0,116358.0,1
1591334.0,33345.0,1
1591339.0,33324.0,1
1591339.0,33329.0,1
1591339.0,15685.0,1
1591339.0,15632.0,1
1591339.0,15632.0,1
1591339.0,33511.0,1
1591339.0,33326.0,1
1591339.0,33324.0,1
1592109.0,43437.0,1
1592966.0,1558.0,1
1592967.0,1557.0,1
1592975.0,7.0,1
1593567.0,15086.0,1
1595585.0,39834.0,1
1600288.0,15797.0,1
1600763.0,7.0,1
1603025.0,65178.0,1
1604850.0,613609.0,1
1604850.0,613723.0,1
1604850.0,2806.0,1
1604852.0,2156.0,1
1604852.0,613241.0,1
1606769.0,3602.0,1
1606771.0,611457.0,1
1606771.0,3292.0,1
1606771.0,611454.0,1
1606771.0,611446.0,1
1606771.0,611321.0,1
1607962.0,30789.0,1
1608214.0,7.0,1
1608535.0,70651.0,1
1608536.0,375716.0,1
1608538.0,463620.0,1
1608538.0,458085.0,1
1609808.0,2314.0,1
1611286.0,65296.0,1
1612895.0,2527.0,1
1612895.0,62939.0,1
1612895.0,62937.0,1
1612895.0,62975.0,1
1612896.0,63097.0,1
1614019.0,81.0,1
1614021.0,113.0,1
1614130.0,206875.0,1
1615042.0,4.0,1
1615115.0,60711.0,1
1615412.0,26451.0,1
1620169.0,225640.0,1
1620673.0,6.0,1
1620801.0,55075.0,1
1620801.0,55065.0,1
1620801.0,58513.0,1
1621040.0,58166.0,1
1621040.0,950.0,1
1621040.0,7038.0,1
1621041.0,58420.0,1
1621041.0,58162.0,1
1621041.0,58155.0,1
1622657.0,56733.0,1
1624465.0,54730.0,1
1624467.0,2959.0,1
1624467.0,754752.0,1
1624467.0,755021.0,1
1624467.0,754760.0,1
1624467.0,754760.0,1
1624467.0,753820.0,1
1624467.0,754894.0,1
1624755.0,142447.0,1
1627754.0,6.0,1
1627909.0,751372.0,1
1627911.0,2936.0,1
1631315.0,2966.0,1
1634735.0,744775.0,1
1635433.0,6.0,1
1637653.0,27625.0,1
1641083.0,127149.0,1
1642403.0,6.0,1
1646403.0,5.0,1
1650793.0,6.0,1
1656493.0,6.0,1
1656994.0,132646.0,1
1658898.0,7.0,1
1662513.0,216306.0,1
1662513.0,338312.0,1
1662513.0,156632.0,1
1662974.0,4.0,1
1664233.0,107327.0,1
1664901.0,18.0,1
1668095.0,152922.0,1
1670895.0,17.0,1
1673152.0,970783.0,1
1673152.0,109125.0,1
1673152.0,109125.0,1
1673152.0,109125.0,1
1673152.0,108124.0,1
1673152.0,108124.0,1
1673152.0,108124.0,1
1673152.0,545248.0,1
1675654.0,2487.0,1
1675654.0,17179.0,1
1675654.0,387282.0,1
1675654.0,178018.0,1
1675655.0,17455.0,1
1675656.0,171297.0,1
1675656.0,968151.0,1
1675656.0,17283.0,1
1675656.0,16642.0,1
1677836.0,14978.0,1
1678188.0,87761.0,1
1678188.0,87761.0,1
1678188.0,87761.0,1
1678188.0,87761.0,1
1678188.0,87761.0,1
1678188.0,87761.0,1
1678188.0,87761.0,1
1678188.0,87761.0,1
1678188.0,87761.0,1
1678188.0,87761.0,1
1678188.0,87761.0,1
1678188.0,87761.0,1
1678188.0,87761.0,1
1678189.0,87760.0,1
1678189.0,87760.0,1
1678189.0,87760.0,1
1678228.0,2568.0,1
1678400.0,10.0,1
1679036.0,2450.0,1
1679036.0,963296.0,1
1679036.0,964570.0,1
1679037.0,964569.0,1
1679039.0,103282.0,1
1679040.0,88844.0,1
1679041.0,964831.0,1
1679080.0,11193.0,1
1679474.0,7.0,1
1681177.0,86464.0,1
1684565.0,107675.0,1
1684565.0,11119.0,1
1684565.0,299769.0,1
1684566.0,299790.0,1
1685353.0,12.0,1
1690095.0,376381.0,1
1690096.0,305060.0,1
1690304.0,662.0,1
1690871.0,1152.0,1
1690871.0,1152.0,1
1690871.0,1152.0,1
1690871.0,1152.0,1
1690871.0,1152.0,1
1690871.0,1152.0,1
1690871.0,1152.0,1
1690871.0,1152.0,1
1690871.0,620.0,1
1690871.0,1152.0,1
1690871.0,1152.0,1
1690871.0,1152.0,1
1690871.0,1152.0,1
1690871.0,1921.0,1
1690871.0,1152.0,1
1690871.0,1152.0,1
1690871.0,1152.0,1
1690871.0,1152.0,1
1690871.0,1152.0,1
1690871.0,1152.0,1
1690871.0,1152.0,1
1690871.0,76694.0,1
1690872.0,1151.0,1
1690872.0,1151.0,1
1690872.0,1151.0,1
1690872.0,1151.0,1
1690872.0,1151.0,1
1690872.0,1151.0,1
1690872.0,1151.0,1
1690873.0,1150.0,1
1690879.0,1122.0,1
1690879.0,1122.0,1
1690879.0,1122.0,1
1690879.0,1122.0,1
1690879.0,1122.0,1
1690879.0,1122.0,1
1690879.0,1122.0,1
1690879.0,1122.0,1
1690879.0,1122.0,1
1690879.0,1122.0,1
1690879.0,1122.0,1
1690879.0,1122.0,1
1690879.0,1122.0,1
1690879.0,1122.0,1
1690879.0,1122.0,1
1690879.0,1122.0,1
1690879.0,1122.0,1
1690879.0,1122.0,1
1690879.0,1122.0,1
1690879.0,76682.0,1
1690879.0,1122.0,1
1690879.0,76683.0,1
1690879.0,1122.0,1
1690879.0,76682.0,1
1690879.0,1122.0,1
1690879.0,1122.0,1
1690879.0,1122.0,1
1690879.0,1122.0,1
1690879.0,1122.0,1
1690879.0,1122.0,1
1691528.0,38620.0,1
1691528.0,110910.0,1
1691528.0,181866.0,1
1691535.0,76062.0,1
1691536.0,76044.0,1
1691536.0,1358.0,1
1692593.0,2708.0,1
1692593.0,74905.0,1
1692593.0,74845.0,1
1692594.0,74960.0,1
1692594.0,2707.0,1
1692796.0,4.0,1
1693274.0,9.0,1
1693513.0,12300.0,1
1695648.0,522.0,1
1695987.0,2707.0,1
1695989.0,2706.0,1
1699377.0,2709.0,1
1699377.0,2707.0,1
1701399.0,4.0,1
1702604.0,63723.0,1
1702771.0,2709.0,1
1702773.0,2707.0,1
1703441.0,63026.0,1
1703442.0,560.0,1
1703444.0,51290.0,1
1703475.0,50247.0,1
1706622.0,132.0,1
1706624.0,212.0,1
1706840.0,1546.0,1
1708233.0,7.0,1
1708388.0,106121.0,1
1710771.0,7353.0,1
1712252.0,5965.0,1
1712253.0,77785.0,1
1712259.0,958882.0,1
1712301.0,6208.0,1
1714651.0,796.0,1
1715111.0,927231.0,1
1717870.0,32013.0,1
1717871.0,5820.0,1
1718434.0,4.0,1
1722554.0,5.0,1
1722823.0,6.0,1
1723417.0,37592.0,1
1729096.0,625.0,1
1729097.0,38465.0,1
1729414.0,8.0,1
1736613.0,6.0,1
1740596.0,61628.0,1
1740596.0,254659.0,1
1743334.0,5.0,1
1749789.0,11225.0,1
1749789.0,11218.0,1
1750174.0,8.0,1
1753613.0,3966.0,1
1753613.0,93366.0,1
1753613.0,2709.0,1
1753615.0,2710.0,1
1753697.0,6.0,1
1757021.0,90222.0,1
1757115.0,6.0,1
1758337.0,2.0,1
1760802.0,305694.0,1
1762451.0,4219.0,1
1762451.0,4219.0,1
1762451.0,4219.0,1
1762463.0,1184.0,1
1762463.0,1184.0,1
1762463.0,1184.0,1
1764196.0,4.0,1
1766017.0,5.0,1
1766094.0,81007.0,1
1766105.0,80893.0,1
1766649.0,86325.0,1
1766649.0,86325.0,1
1766649.0,5062.0,1
1766649.0,5285.0,1
1766649.0,3894.0,1
1766649.0,4017.0,1
1766649.0,3894.0,1
1766649.0,3895.0,1
1766649.0,86665.0,1
1767212.0,3624.0,1
1767259.0,4725.0,1
1767259.0,6055.0,1
1767261.0,4837.0,1
1767261.0,4539.0,1
1767262.0,3382.0,1
1767262.0,3632.0,1
1767262.0,79236.0,1
1767602.0,5611.0,1
1768072.0,5479.0,1
1768072.0,5479.0,1
1770663.0,82947.0,1
1770663.0,82475.0,1
1770663.0,2553.0,1
1770663.0,2553.0,1
1770968.0,1285.0,1
1771821.0,15570.0,1
1771822.0,1666.0,1
1771826.0,28189.0,1
1771826.0,1466.0,1
1772255.0,6.0,1
1773041.0,3275.0,1
1773041.0,9525.0,1
1773041.0,26884.0,1
1773041.0,289566.0,1
1773041.0,27190.0,1
1773041.0,3587.0,1
1773047.0,10618.0,1
1773529.0,14679.0,1
1773529.0,14679.0,1
1773529.0,14679.0,1
1773529.0,14679.0,1
1773529.0,14679.0,1
1773529.0,14679.0,1
1773529.0,14679.0,1
1773529.0,14679.0,1
1773529.0,14679.0,1
1773529.0,14679.0,1
1773529.0,14679.0,1
1773529.0,14679.0,1
1773529.0,14679.0,1
1773529.0,14679.0,1
1773529.0,14679.0,1
1773529.0,14679.0,1
1775605.0,6.0,1
1776461.0,76809.0,1
1778131.0,1818.0,1
1778132.0,22092.0,1
1778132.0,22092.0,1
1778134.0,22095.0,1
1778174.0,14856.0,1
1778627.0,639.0,1
1778627.0,4024.0,1
1778627.0,369.0,1
1778627.0,13739.0,1
1778627.0,1353.0,1
1778627.0,1368.0,1
1778716.0,74.0,1
1778716.0,63.0,1
1778716.0,74.0,1
1778716.0,78152.0,1
1778716.0,78325.0,1
1778716.0,63.0,1
1778782.0,66.0,1
1778782.0,419386.0,1
1778795.0,200.0,1
1778795.0,13329.0,1
1778965.0,6.0,1
1779136.0,128.0,1
1779674.0,4327.0,1
1779679.0,3026.0,1
1779882.0,735.0,1
1779882.0,1187.0,1
1779883.0,734.0,1
1779883.0,734.0,1
1779883.0,734.0,1
1779883.0,734.0,1
1779883.0,734.0,1
1779883.0,734.0,1
1779883.0,734.0,1
1779883.0,734.0,1
1779883.0,734.0,1
1779883.0,734.0,1
1779883.0,734.0,1
1779883.0,734.0,1
1779883.0,734.0,1
1779883.0,734.0,1
1779883.0,734.0,1
1780179.0,491.0,1
1780788.0,494.0,1
1780788.0,462.0,1
1780788.0,489.0,1
1780788.0,2218.0,1
1780788.0,3056.0,1
1780808.0,388.0,1
1780829.0,1637.0,1
1781859.0,1940.0,1
1782303.0,709.0,1
1782304.0,709.0,1
1782304.0,709.0,1
1782304.0,709.0,1
1782304.0,715.0,1
1782305.0,708.0,1
1782305.0,709.0,1
1782305.0,709.0,1
1782305.0,708.0,1
1782305.0,708.0,1
1782305.0,707.0,1
1782305.0,19999.0,1
1782305.0,708.0,1
1782306.0,45.0,1
1782306.0,709.0,1
1782307.0,709.0,1
1782308.0,703.0,1
1782308.0,9955.0,1
1782308.0,709.0,1
1783651.0,541138.0,1
1783652.0,16645.0,1
1783653.0,1918.0,1
1783654.0,16599.0,1
1784115.0,8906.0,1
1784910.0,15436.0,1
1785071.0,3965.0,1
1785071.0,3959.0,1
1785071.0,255400.0,1
1785071.0,15157.0,1
1785071.0,2709.0,1
1785073.0,15334.0,1
1785446.0,6.0,1
1786532.0,2472.0,1
1786535.0,13273.0,1
1786544.0,297.0,1
1786544.0,25169.0,1
1786559.0,13262.0,1
1786571.0,516.0,1
1786571.0,514.0,1
1786585.0,506.0,1
1786645.0,6.0,1
1786650.0,7537.0,1
1788470.0,708939.0,1
1788471.0,1970.0,1
1788833.0,764.0,1
1788833.0,764.0,1
1788833.0,764.0,1
1788833.0,764.0,1
1788833.0,764.0,1
1788833.0,764.0,1
1788833.0,764.0,1
1788833.0,764.0,1
1788833.0,764.0,1
1788833.0,764.0,1
1788833.0,764.0,1
1788833.0,3533.0,1
1788833.0,776.0,1
1788833.0,764.0,1
1789630.0,5745.0,1
1789890.0,1926.0,1
1790300.0,3612.0,1
1790300.0,1455.0,1
1790300.0,3612.0,1
1790300.0,1336.0,1
1790300.0,1455.0,1
1790300.0,1455.0,1
1790300.0,1455.0,1
1790300.0,3612.0,1
1790300.0,3612.0,1
1790300.0,647.0,1
1790300.0,1355.0,1
1790300.0,1500.0,1
1790300.0,1500.0,1
1790300.0,587.0,1
1790300.0,1336.0,1
1790300.0,1455.0,1
1790300.0,3612.0,1
1790300.0,1349.0,1
1790300.0,1500.0,1
1790300.0,3612.0,1
1790300.0,3612.0,1
1790300.0,851419.0,1
1791304.0,1976.0,1
1791305.0,1727.0,1
1791306.0,2580.0,1
1791934.0,9331.0,1
1792429.0,22054.0,1
1792715.0,1609.0,1
1792715.0,68714.0,1
1792718.0,1150.0,1
1792718.0,1619.0,1
1793081.0,520546.0,1
1793082.0,520546.0,1
1793244.0,6.0,1
1793250.0,14564.0,1
1793357.0,176.0,1
1793357.0,2454.0,1
1793357.0,1223.0,1
1793357.0,1223.0,1
1793357.0,2453.0,1
1793357.0,2367.0,1
1793357.0,2369.0,1
1793357.0,2454.0,1
1793357.0,2364.0,1
1793357.0,176.0,1
1793357.0,176.0,1
1793357.0,177.0,1
1793357.0,177.0,1
1793357.0,177.0,1
1793357.0,177.0,1
1793357.0,177.0,1
1793357.0,176.0,1
1793535.0,2201.0,1
1793536.0,2817.0,1
1793538.0,2274.0,1
1793538.0,185.0,1
1793538.0,185.0,1
1793538.0,185.0,1
1793538.0,185.0,1
1793725.0,1738.0,1
1793725.0,1738.0,1
1793725.0,1738.0,1
1793725.0,1738.0,1
1794189.0,1883.0,1
1794189.0,66903.0,1
1794189.0,67037.0,1
1794189.0,66975.0,1
1794191.0,182.0,1
1794191.0,519437.0,1
1794191.0,182.0,1
1794192.0,66906.0,1
1794193.0,66893.0,1
1795464.0,169.0,1
1795464.0,169.0,1
1795464.0,169.0,1
1795464.0,169.0,1
1795635.0,628.0,1
1795636.0,627.0,1
1795636.0,627.0,1
1795723.0,694.0,1
1795726.0,85.0,1
1795729.0,688.0,1
1795738.0,679.0,1
1795813.0,263.0,1
1795813.0,1081.0,1
1795813.0,263.0,1
1795813.0,604.0,1
1795813.0,263.0,1
1795813.0,263.0,1
1795814.0,248.0,1
1795814.0,248.0,1
1795814.0,248.0,1
1795814.0,248.0,1
1796064.0,626.0,1
1796064.0,626.0,1
1796064.0,626.0,1
1796064.0,118.0,1
1796183.0,507.0,1
1796415.0,389.0,1
1796547.0,6099.0,1
1796547.0,915.0,1
1796547.0,9189.0,1
1796984.0,1671.0,1
1799414.0,452.0,1
1799679.0,9289.0,1
1799680.0,423.0,1
1799681.0,61338.0,1
1799681.0,629.0,1
1799681.0,61511.0,1
1800029.0,5707.0,1
1800033.0,189.0,1
1800035.0,61240.0,1
1800035.0,200.0,1
1800040.0,224.0,1
1800054.0,53216.0,1
1800057.0,637.0,1
1800061.0,53209.0,1
1800324.0,3.0,1
1802128.0,43989.0,1
1802129.0,365981.0,1
1806795.0,7762.0,1
1807664.0,176581.0,1
1808244.0,6.0,1
1808250.0,7608.0,1
1810455.0,26989.0,1
1813390.0,10575.0,1
1813789.0,26399.0,1
1814524.0,13795.0,1
1815085.0,9.0,1
1815090.0,11819.0,1
1815959.0,1304.0,1
1815959.0,651.0,1
1815959.0,651.0,1
1816080.0,519.0,1
1816439.0,169.0,1
1816439.0,169.0,1
1817234.0,9.0,1
1817234.0,9.0,1
1818625.0,5.0,1
1819072.0,3544.0,1
1820918.0,513486.0,1
1820918.0,202652.0,1
1820918.0,202691.0,1
1820918.0,5572.0,1
1820919.0,6166.0,1
1820919.0,70.0,1
1820919.0,5570.0,1
1820991.0,163446.0,1
1822890.0,6526.0,1
1825935.0,7422.0,1
1828478.0,178286.0,1
1828884.0,7.0,1
1828889.0,8176.0,1
1832534.0,7657.0,1
1834489.0,189393.0,1
1835504.0,17163.0,1
1836330.0,8826.0,1
1838499.0,7410.0,1
1838782.0,10451.0,1
1839376.0,4.0,1
1839376.0,5.0,1
1839438.0,543.0,1
1839438.0,681.0,1
1839438.0,772.0,1
1839438.0,200.0,1
1839438.0,579.0,1
1844125.0,5.0,1
1844131.0,8347.0,1
1845316.0,8.0,1
1845317.0,7.0,1
1845512.0,522429.0,1
1845513.0,28055.0,1
1845513.0,226783.0,1
1845519.0,221003.0,1
1846711.0,14755.0,1
1846728.0,606.0,1
1846736.0,478057.0,1
1846744.0,128.0,1
1846745.0,477905.0,1
1846747.0,477983.0,1
1846993.0,477636.0,1
1848191.0,5471.0,1
1851692.0,1970.0,1
1851912.0,9.0,1
1852064.0,14368.0,1
1853461.0,3899.0,1
1853461.0,5473.0,1
1853475.0,10423.0,1
1853475.0,10423.0,1
1853475.0,209461.0,1
1853475.0,3596.0,1
1853475.0,3604.0,1
1856357.0,8814.0,1
1856534.0,5884.0,1
1856892.0,7006.0,1
1856892.0,7006.0,1
1858166.0,5.0,1
1858170.0,633.0,1
1858617.0,1393.0,1
1859828.0,6645.0,1
1860105.0,13084.0,1
1860906.0,1926.0,1
1860906.0,3311.0,1
1860907.0,3177.0,1
1860907.0,1487.0,1
1860907.0,2883.0,1
1860908.0,3034.0,1
1862057.0,64205.0,1
1862057.0,11398.0,1
1862060.0,477718.0,1
1862310.0,1925.0,1
1862313.0,164527.0,1
1863704.0,163557.0,1
1863705.0,760294.0,1
1863705.0,199231.0,1
1863705.0,199231.0,1
1863705.0,199231.0,1
1863705.0,199231.0,1
1863706.0,163146.0,1
1864151.0,3155.0,1
1865359.0,32477.0,1
1865365.0,6.0,1
1865372.0,8551.0,1
1866378.0,5.0,1
1867116.0,160127.0,1
1867116.0,159977.0,1
1867116.0,4274.0,1
1867116.0,3354.0,1
1867116.0,159765.0,1
1867117.0,159791.0,1
1867118.0,159821.0,1
1869558.0,1796.0,1
1871176.0,7124.0,1
1871176.0,3620.0,1
1872584.0,2396.0,1
1873074.0,325354.0,1
1873074.0,781406.0,1
1873276.0,6.0,1
1873280.0,1500.0,1
1874593.0,152513.0,1
1874593.0,27206.0,1
1874594.0,3626.0,1
1877416.0,2458.0,1
1878031.0,1836.0,1
1878579.0,188079.0,1
1879681.0,5362.0,1
1879681.0,1152.0,1
1880224.0,5.0,1
1880230.0,8117.0,1
1883935.0,8492.0,1
1887425.0,7.0,1
1887430.0,8090.0,1
1891345.0,8225.0,1
1894866.0,4.0,1
1896855.0,12960.0,1
1898657.0,7176.0,1
1900850.0,15163.0,1
1902196.0,7924.0,1
1905145.0,8180.0,1
1907953.0,5877.0,1
1907953.0,664059.0,1
1907953.0,158704.0,1
1907954.0,87277.0,1
1907955.0,663733.0,1
1909505.0,6.0,1
1909512.0,7069.0,1
1912456.0,6638.0,1
1913785.0,5.0,1
1914107.0,3613.0,1
1915485.0,16357.0,1
1915986.0,11.0,1
1915993.0,7356.0,1
1918397.0,5916.0,1
1922237.0,4300.0,1
1922444.0,103266.0,1
1923138.0,10.0,1
1923428.0,7.0,1
1923431.0,6949.0,1
1925655.0,6345.0,1
1929644.0,111946.0,1
1929676.0,23093.0,1
1930397.0,6.0,1
1931355.0,6.0,1
1931356.0,3153.0,1
1933041.0,19728.0,1
1934720.0,12.0,1
1937107.0,2124.0,1
1937444.0,39750.0,1
1938186.0,3.0,1
1938191.0,14578.0,1
1939090.0,132881.0,1
1944666.0,7.0,1
1950075.0,7.0,1
1956967.0,9.0,1
1964049.0,3.0,1
1971006.0,7.0,1
1978276.0,5.0,1
1978686.0,7.0,1
1985766.0,7.0,1
1989486.0,60525.0,1
1989486.0,5685.0,1
1993926.0,6.0,1
1995015.0,5577.0,1
1995016.0,49434.0,1
1995016.0,5463.0,1
1995016.0,372767.0,1
1995017.0,5738.0,1
2000286.0,7.0,1
2000539.0,6580.0,1
2000539.0,6626.0,1
2000539.0,6686.0,1
2000540.0,5779.0,1
2000540.0,5762.0,1
2006058.0,55075.0,1
2006058.0,55021.0,1
2006777.0,18672.0,1
2006786.0,6022.0,1
2006787.0,5731.0,1
2006885.0,9.0,1
2011518.0,7.0,1
2012304.0,623761.0,1
2014926.0,8.0,1
2018756.0,234.0,1
2019946.0,5.0,1
2021768.0,4.0,1
2023274.0,43688.0,1
2023275.0,43688.0,1
2023281.0,617888.0,1
2023281.0,474645.0,1
2023336.0,298685.0,1
2023338.0,13001.0,1
2023338.0,298798.0,1
2025639.0,1570.0,1
2025945.0,12784.0,1
2025945.0,964.0,1
2025945.0,3436.0,1
2025945.0,12783.0,1
2025945.0,1021.0,1
2025945.0,12784.0,1
2025945.0,12783.0,1
2025945.0,3435.0,1
2025945.0,12783.0,1
2025945.0,12783.0,1
2025945.0,3563.0,1
2025945.0,3437.0,1
2025945.0,26994.0,1
2026050.0,3476.0,1
2026050.0,3609.0,1
2026050.0,3514.0,1
2026050.0,3476.0,1
2026050.0,3514.0,1
2026050.0,3503.0,1
2026050.0,3514.0,1
2026050.0,3514.0,1
2026164.0,615103.0,1
2026719.0,10667.0,1
2026719.0,10667.0,1
2026720.0,10310.0,1
2026720.0,10290.0,1
2026720.0,10267.0,1
2026720.0,3609.0,1
2026721.0,3658.0,1
2026721.0,10534.0,1
2026721.0,10301.0,1
2026726.0,10288.0,1
2027428.0,9581.0,1
2027428.0,3177.0,1
2028258.0,9.0,1
2028707.0,18.0,1
2030164.0,1796.0,1
2030165.0,2305.0,1
2030165.0,1907.0,1
2030940.0,3471.0,1
2030940.0,3529.0,1
2030940.0,3479.0,1
2030940.0,3610.0,1
2030940.0,3471.0,1
2030940.0,3471.0,1
2030940.0,3606.0,1
2030940.0,3645.0,1
2030940.0,3529.0,1
2030941.0,3611.0,1
2030941.0,6899.0,1
2030941.0,7134.0,1
2031881.0,1570.0,1
2031883.0,1585.0,1
2031883.0,1984.0,1
2033290.0,1985.0,1
2033292.0,1283.0,1
2033292.0,2046.0,1
2034020.0,139.0,1
2035134.0,1790.0,1
2035135.0,9339.0,1
2035136.0,9315.0,1
2035968.0,286475.0,1
2036364.0,70.0,1
2036386.0,13.0,1
2036775.0,3436.0,1
2036775.0,3437.0,1
2036775.0,3436.0,1
2036775.0,3600.0,1
2036775.0,3564.0,1
2036775.0,3583.0,1
2036810.0,7995.0,1
2036810.0,7994.0,1
2036811.0,4150.0,1
2036811.0,7572.0,1
2036811.0,7626.0,1
2036814.0,7658.0,1
2036814.0,7823.0,1
2036814.0,4289.0,1
2036814.0,7902.0,1
2036816.0,7919.0,1
2036884.0,98.0,1
2037431.0,96.0,1
2038338.0,13.0,1
2040862.0,21841.0,1
2040862.0,21841.0,1
2040862.0,21841.0,1
2040862.0,21841.0,1
2040999.0,21704.0,1
2040999.0,21704.0,1
2040999.0,21704.0,1
2041717.0,455817.0,1
2041717.0,529018.0,1
2041749.0,69350.0,1
2041749.0,69350.0,1
2041749.0,69350.0,1
2043248.0,67851.0,1
2043248.0,67851.0,1
2043248.0,67851.0,1
2043248.0,67851.0,1
2043267.0,10355.0,1
2043268.0,1309.0,1
2044273.0,3807.0,1
2044273.0,3968.0,1
2044273.0,3601.0,1
2044273.0,4266.0,1
2044274.0,3620.0,1
2044274.0,3320.0,1
2044274.0,3320.0,1
2044274.0,3624.0,1
2044274.0,3677.0,1
2044274.0,3558.0,1
2044274.0,3891.0,1
2044304.0,16769.0,1
2045117.0,7.0,1
2045324.0,2601.0,1
2045324.0,2599.0,1
2045466.0,5.0,1
2045670.0,19195.0,1
2047685.0,8484.0,1
2047685.0,17539.0,1
2047688.0,17468.0,1
2047689.0,17533.0,1
2047689.0,178.0,1
2048028.0,3274.0,1
2048275.0,10220.0,1
2048275.0,10220.0,1
2051098.0,13758.0,1
2052425.0,8.0,1
2060854.0,592838.0,1
2062146.0,7.0,1
2062775.0,2124.0,1
2064712.0,578908.0,1
2064712.0,3448.0,1
2066379.0,191962.0,1
2066379.0,278825.0,1
2066379.0,279251.0,1
2066380.0,137736.0,1
2071908.0,118299.0,1
2074186.0,7.0,1
2075151.0,607.0,1
2075151.0,607.0,1
2075151.0,607.0,1
2075154.0,601.0,1
2075154.0,601.0,1
2075154.0,601.0,1
2075154.0,1353.0,1
2076087.0,4.0,1
2080763.0,177370.0,1
2083266.0,9.0,1
2088187.0,5.0,1
2089422.0,496.0,1
2094501.0,32129.0,1
2095159.0,19.0,1
2095272.0,25.0,1
2103671.0,29927.0,1
2104363.0,44.0,1
2108756.0,1916.0,1
2108756.0,1916.0,1
2109961.0,112369.0,1
2109990.0,153568.0,1
2110508.0,3.0,1
2110634.0,108.0,1
2110634.0,108.0,1
2110634.0,108.0,1
2110634.0,108.0,1
2110634.0,108.0,1
2110634.0,108.0,1
2110634.0,108.0,1
2110634.0,108.0,1
2110634.0,108.0,1
2110634.0,158.0,1
2110634.0,158.0,1
2110634.0,158.0,1
2110634.0,158.0,1
2110634.0,13223.0,1
2110634.0,11347.0,1
2110634.0,11091.0,1
2110634.0,10386.0,1
2110634.0,108.0,1
2110634.0,11050.0,1
2110634.0,11070.0,1
2110634.0,108.0,1
2110634.0,9778.0,1
2110634.0,108.0,1
2110634.0,108.0,1
2110634.0,108.0,1
2110634.0,108.0,1
2110634.0,108.0,1
2110634.0,108.0,1
2110634.0,108.0,1
2110634.0,108.0,1
2110634.0,108.0,1
2110634.0,108.0,1
2111567.0,11531.0,1
2111710.0,941.0,1
2111711.0,950.0,1
2111711.0,942.0,1
2111711.0,950.0,1
2111711.0,950.0,1
2112167.0,11421.0,1
2112168.0,390.0,1
2112170.0,11442.0,1
2112171.0,11496.0,1
2112173.0,11593.0,1
2112174.0,1249.0,1
2112339.0,950.0,1
2112340.0,951.0,1
2112340.0,951.0,1
2112640.0,29.0,1
2112682.0,11848.0,1
2112948.0,950.0,1
2112959.0,951.0,1
2113014.0,951.0,1
2113153.0,10473.0,1
2113556.0,951.0,1
2113562.0,951.0,1
2117348.0,5.0,1
2120703.0,436188.0,1
2123392.0,3590.0,1
2123392.0,3603.0,1
2123393.0,3677.0,1
2123395.0,3792.0,1
2123900.0,4775.0,1
2123900.0,16086.0,1
2125581.0,1608.0,1
2125633.0,7.0,1
2126177.0,5.0,1
2126235.0,256.0,1
2126235.0,256.0,1
2126815.0,6433.0,1
2126815.0,30210.0,1
2126817.0,6483.0,1
2128805.0,84346.0,1
2131264.0,163052.0,1
2131264.0,163027.0,1
2131268.0,363245.0,1
2132959.0,358880.0,1
2132959.0,358997.0,1
2133347.0,9.0,1
2135310.0,78258.0,1
2136802.0,126746.0,1
2136802.0,126917.0,1
2140967.0,5.0,1
2148046.0,8.0,1
2155246.0,4.0,1
2161499.0,27102.0,1
2161499.0,43816.0,1
2162367.0,5.0,1
2167767.0,137328.0,1
2167767.0,5754.0,1
2169701.0,7.0,1
2173288.0,22936.0,1
2173289.0,16814.0,1
2173289.0,23216.0,1
2174297.0,4.0,1
2174699.0,3603.0,1
2176177.0,12.0,1
2176517.0,11.0,1
2183858.0,4.0,1
2187557.0,33953.0,1
2188224.0,29.0,1
2189812.0,8647.0,1
2191358.0,5.0,1
2195961.0,138375.0,1
2197982.0,10.0,1
2203990.0,93785.0,1
2204236.0,39735.0,1
2204900.0,11.0,1
2205343.0,7.0,1
2210479.0,11.0,1
2212585.0,9498.0,1
2213144.0,6.0,1
2217572.0,1848.0,1
2217572.0,1856.0,1
2217572.0,1848.0,1
2217572.0,1848.0,1
2217572.0,1848.0,1
2217572.0,1848.0,1
2217572.0,1858.0,1
2217572.0,1858.0,1
2217572.0,1858.0,1
2217572.0,1858.0,1
2217572.0,1858.0,1
2217572.0,2731.0,1
2217572.0,2731.0,1
2217572.0,2731.0,1
2217572.0,2731.0,1
2217572.0,2731.0,1
2217572.0,2731.0,1
2217572.0,2731.0,1
2217572.0,2731.0,1
2217572.0,2731.0,1
2217572.0,2731.0,1
2217572.0,2731.0,1
2217572.0,2731.0,1
2217572.0,2731.0,1
2217572.0,2731.0,1
2217572.0,2731.0,1
2217572.0,2731.0,1
2217572.0,2731.0,1
2217572.0,2731.0,1
2217572.0,2731.0,1
2217572.0,2731.0,1
2217572.0,2731.0,1
2217572.0,2731.0,1
2217572.0,2731.0,1
2217572.0,2731.0,1
2217572.0,2731.0,1
2217572.0,2731.0,1
2217572.0,2731.0,1
2217572.0,2731.0,1
2217572.0,2731.0,1
2217572.0,2731.0,1
2217572.0,2731.0,1
2217572.0,2731.0,1
2217572.0,2731.0,1
2217572.0,2731.0,1
2217572.0,2731.0,1
2217572.0,2731.0,1
2217572.0,2731.0,1
2217572.0,2731.0,1
2217572.0,2731.0,1
2217572.0,2731.0,1
2217572.0,2731.0,1
2217572.0,2731.0,1
2217572.0,2731.0,1
2217572.0,2731.0,1
2217572.0,2731.0,1
2217572.0,2731.0,1
2217572.0,2731.0,1
2217572.0,2731.0,1
2217572.0,2731.0,1
2217572.0,2731.0,1
2217573.0,2730.0,1
2217573.0,2730.0,1
2217573.0,2730.0,1
2217573.0,2730.0,1
2217573.0,2730.0,1
2217573.0,2730.0,1
2217573.0,2730.0,1
2217573.0,2730.0,1
2217573.0,2730.0,1
2217573.0,2730.0,1
2217573.0,2730.0,1
2217573.0,2730.0,1
2217573.0,2730.0,1
2217573.0,2730.0,1
2217573.0,2730.0,1
2217573.0,2730.0,1
2217573.0,2730.0,1
2217573.0,2730.0,1
2217957.0,3959.0,1
2217959.0,3573.0,1
2217959.0,100044.0,1
2217959.0,99899.0,1
2217961.0,100111.0,1
2217961.0,273829.0,1
2217961.0,95199.0,1
2217962.0,99947.0,1
2219423.0,5.0,1
2219423.0,880.0,1
2219423.0,5.0,1
2219423.0,5.0,1
2219423.0,5.0,1
2219431.0,872.0,1
2219432.0,871.0,1
2219433.0,870.0,1
2219433.0,870.0,1
2219433.0,870.0,1
2219438.0,86.0,1
2219438.0,865.0,1
2219438.0,865.0,1
2219438.0,865.0,1
2219438.0,865.0,1
2219444.0,859.0,1
2219444.0,859.0,1
2219444.0,859.0,1
2219444.0,859.0,1
2219444.0,859.0,1
2219444.0,859.0,1
2219444.0,859.0,1
2219444.0,859.0,1
2219444.0,859.0,1
2219444.0,859.0,1
2219444.0,80.0,1
2219444.0,859.0,1
2219444.0,859.0,1
2219529.0,774.0,1
2219529.0,774.0,1
2219529.0,774.0,1
2219529.0,774.0,1
2219529.0,774.0,1
2219618.0,7.0,1
2219838.0,7.0,1
2221092.0,7387.0,1
2221092.0,11801.0,1
2221092.0,8017.0,1
2221092.0,8017.0,1
2221092.0,11170.0,1
2221092.0,4235.0,1
2221092.0,11801.0,1
2221092.0,8647.0,1
2221092.0,11171.0,1
2221092.0,4865.0,1
2221092.0,4206.0,1
2221092.0,4206.0,1
2221092.0,4865.0,1
2221092.0,4206.0,1
2221092.0,8647.0,1
2221093.0,4234.0,1
2221093.0,7386.0,1
2221093.0,8646.0,1
2221093.0,10538.0,1
2221093.0,10538.0,1
2221093.0,8016.0,1
2221093.0,7386.0,1
2221093.0,9277.0,1
2221093.0,9277.0,1
2221093.0,6125.0,1
2221093.0,11170.0,1
2221093.0,11800.0,1
2221093.0,11800.0,1
2221093.0,11169.0,1
2221093.0,11800.0,1
2221093.0,5495.0,1
2221093.0,6125.0,1
2221093.0,8646.0,1
2221093.0,7386.0,1
2221093.0,5495.0,1
2221093.0,5495.0,1
2221093.0,4864.0,1
2221093.0,4864.0,1
2221093.0,12430.0,1
2221093.0,8016.0,1
2221094.0,5494.0,1
2221094.0,4233.0,1
2221094.0,10537.0,1
2221094.0,8015.0,1
2221094.0,4863.0,1
2221094.0,4233.0,1
2221094.0,5494.0,1
2221094.0,9906.0,1
2221374.0,270696.0,1
2221375.0,270341.0,1
2221832.0,393902.0,1
2223236.0,431.0,1
2227177.0,12.0,1
2227849.0,2.0,1
2227849.0,2.0,1
2234017.0,6.0,1
2242357.0,6.0,1
2242457.0,13894.0,1
2247944.0,669.0,1
2248687.0,14541.0,1
2249049.0,8.0,1
2255649.0,4.0,1
2255762.0,14704.0,1
2257952.0,29182.0,1
2257954.0,60391.0,1
2262722.0,16425.0,1
2263490.0,23551.0,1
2269733.0,12.0,1
2269809.0,11.0,1
2269921.0,14871.0,1
2271778.0,120.0,1
2277736.0,18.0,1
2284212.0,13927.0,1
2284328.0,6.0,1
2286741.0,52935.0,1
2286745.0,47505.0,1
2291408.0,15.0,1
2291767.0,13099.0,1
2294050.0,40537.0,1
2294053.0,40275.0,1
2297063.0,33728.0,1
2298325.0,17.0,1
2303733.0,944.0,1
2304240.0,3549.0,1
2304240.0,9386.0,1
2304240.0,9387.0,1
2304240.0,9387.0,1
2304240.0,9387.0,1
2304240.0,9387.0,1
2304240.0,9386.0,1
2304240.0,3549.0,1
2304241.0,9387.0,1
2304242.0,9386.0,1
2304242.0,3550.0,1
2304242.0,377.0,1
2304785.0,951.0,1
2305160.0,8468.0,1
2305760.0,953.0,1
2306847.0,951.0,1
2307396.0,6232.0,1
2307396.0,6189.0,1
2307399.0,6200.0,1
2307907.0,952.0,1
2309856.0,5327.0,1
2309857.0,2259.0,1
2309858.0,4561.0,1
2309858.0,4579.0,1
2309858.0,4628.0,1
2309858.0,4665.0,1
2309858.0,4607.0,1
2309859.0,4716.0,1
2309859.0,4650.0,1
2310508.0,7200.0,1
2311580.0,3564.0,1
2312388.0,10.0,1
2313203.0,4031.0,1
2314293.0,177501.0,1
2317297.0,951.0,1
2317711.0,11026.0,1
2318421.0,946.0,1
2319513.0,951.0,1
2319708.0,8.0,1
2320578.0,951.0,1
2321588.0,943.0,1
2324498.0,3576.0,1
2324498.0,3515.0,1
2324498.0,3682.0,1
2324502.0,4246.0,1
2327278.0,6.0,1
2327887.0,58203.0,1
2327887.0,58089.0,1
2327887.0,58845.0,1
2334063.0,326209.0,1
2334074.0,242975.0,1
2334075.0,11092.0,1
2334081.0,5782.0,1
2334353.0,655.0,1
2334355.0,492.0,1
2334355.0,492.0,1
2334355.0,653.0,1
2334708.0,12.0,1
2339595.0,217503.0,1
2339595.0,5760.0,1
2340477.0,15234.0,1
2341428.0,7.0,1
2345122.0,17263.0,1
2345122.0,37860.0,1
2345123.0,16887.0,1
2345124.0,211995.0,1
2347199.0,15399.0,1
2348508.0,7.0,1
2354397.0,10952.0,1
2355349.0,32.0,1
2355621.0,12.0,1
2360004.0,951.0,1
2361027.0,950.0,1
2361696.0,150.0,1
2361696.0,149.0,1
2361696.0,188.0,1
2361696.0,193.0,1
2361864.0,5661.0,1
2361958.0,7662.0,1
2364099.0,7.0,1
2364258.0,12238.0,1
2367393.0,127109.0,1
2368918.0,14592.0,1
2369618.0,8.0,1
2370209.0,6.0,1
2372810.0,949.0,1
2373816.0,951.0,1
2375873.0,15389.0,1
2376695.0,951.0,1
2377648.0,953.0,1
2379035.0,191885.0,1
2382838.0,14776.0,1
2383900.0,7.0,1
2385866.0,7137.0,1
2385867.0,7054.0,1
2385867.0,3904.0,1
2386279.0,3199.0,1
2386280.0,6625.0,1
2387552.0,940.0,1
2388920.0,5.0,1
2388922.0,8552.0,1
2389179.0,950.0,1
2389254.0,7324.0,1
2389256.0,3590.0,1
2390513.0,26766.0,1
2390828.0,945.0,1
2392678.0,3631.0,1
2392679.0,3901.0,1
2392680.0,3602.0,1
2392680.0,6954.0,1
2392681.0,3730.0,1
2392834.0,4030.0,1
2396075.0,3844.0,1
2396075.0,7289.0,1
2396076.0,7000.0,1
2396076.0,95680.0,1
2396076.0,95817.0,1
2397258.0,6.0,1
2397599.0,951.0,1
2399230.0,950.0,1
2399468.0,3912.0,1
2399660.0,8.0,1
2402853.0,3570.0,1
2402853.0,3845.0,1
2405119.0,6.0,1
2405742.0,1076.0,1
2407528.0,951.0,1
2409134.0,952.0,1
2410752.0,4045.0,1
2412319.0,4.0,1
2415460.0,4068.0,1
2419602.0,944.0,1
2419639.0,9.0,1
2421711.0,950.0,1
2422734.0,953.0,1
2423118.0,29220.0,1
2423808.0,952.0,1
2428278.0,6.0,1
2433198.0,6.0,1
2439803.0,42446.0,1
2440166.0,13.0,1
2442389.0,4372.0,1
2446808.0,951.0,1
2447872.0,4024.0,1
2447959.0,9.0,1
2451199.0,52096.0,1
2451745.0,17.0,1
2451956.0,4031.0,1
2454923.0,6.0,1
2456118.0,951.0,1
2457244.0,951.0,1
2458325.0,951.0,1
2459404.0,952.0,1
2460485.0,950.0,1
2461508.0,943.0,1
2462521.0,945.0,1
2462719.0,7.0,1
2463587.0,951.0,1
2464881.0,10.0,1
2469201.0,8.0,1
2474960.0,2.0,1
2476940.0,7.0,1
2478824.0,951.0,1
2480840.0,951.0,1
2480959.0,7.0,1
2481919.0,949.0,1
2482987.0,950.0,1
2484068.0,949.0,1
2485903.0,8611.0,1
2485904.0,104936.0,1
2486226.0,950.0,1
2487389.0,6.0,1
2488060.0,5.0,1
2489787.0,949.0,1
2490791.0,4292.0,1
2491595.0,3074.0,1
2491597.0,2981.0,1
2494128.0,63215.0,1
2495019.0,5.0,1
2495790.0,951.0,1
2497226.0,64765.0,1
2497226.0,64845.0,1
2497226.0,65188.0,1
2497428.0,4342.0,1
2501114.0,639.0,1
2501115.0,79.0,1
2501115.0,638.0,1
2501116.0,637.0,1
2501117.0,631.0,1
2501659.0,16027.0,1
2502340.0,9.0,1
2502441.0,4044.0,1
2506523.0,5567.0,1
2509419.0,7.0,1
2509734.0,14551.0,1
2511391.0,4261.0,1
2515704.0,4030.0,1
2517174.0,11553.0,1
2521188.0,2.0,1
2523340.0,5.0,1
2523774.0,8524.0,1
2525749.0,4598.0,1
2527699.0,11300.0,1
2528305.0,28.0,1
2531145.0,15.0,1
2531384.0,4048.0,1
2531574.0,10120.0,1
2535486.0,4058.0,1
2538413.0,3280.0,1
2538580.0,5.0,1
2539045.0,4032.0,1
2539647.0,953.0,1
2541355.0,4338.0,1
2542492.0,10.0,1
2543164.0,942.0,1
2545539.0,10.0,1
2545740.0,942.0,1
2546733.0,941.0,1
2547744.0,960.0,1
2547800.0,10.0,1
2548850.0,955.0,1
2549862.0,947.0,1
2550956.0,1068.0,1
2551521.0,5.0,1
2552139.0,942.0,1
2552619.0,7.0,1
2553149.0,950.0,1
2556440.0,10.0,1
2558282.0,440.0,1
2561883.0,79241.0,1
2570230.0,8.0,1
2572388.0,4039.0,1
2578151.0,5.0,1
2584870.0,6.0,1
2585300.0,10.0,1
2588262.0,952.0,1
2589288.0,952.0,1
2590372.0,950.0,1
2591454.0,946.0,1
2592131.0,10.0,1
2592529.0,952.0,1
2593609.0,944.0,1
2596039.0,52025.0,1
2596039.0,40050.0,1
2599930.0,8.0,1
2606410.0,10.0,1
2607095.0,34427.0,1
2607096.0,8636.0,1
2612610.0,3059.0,1
2614411.0,24.0,1
2615806.0,950.0,1
2616839.0,950.0,1
2617849.0,950.0,1
2618930.0,951.0,1
2619951.0,951.0,1
2620971.0,950.0,1
2623574.0,42.0,1
2623771.0,31.0,1
2624226.0,956.0,1
2625195.0,944.0,1
2626508.0,1071.0,1
2626508.0,1071.0,1
2626508.0,1071.0,1
2626508.0,1071.0,1
2626508.0,1070.0,1
2626508.0,1071.0,1
2626508.0,1071.0,1
2626508.0,1069.0,1
2626508.0,1069.0,1
2626508.0,1069.0,1
2626508.0,1069.0,1
2626508.0,1069.0,1
2626508.0,1069.0,1
2626508.0,1069.0,1
2626508.0,1069.0,1
2626508.0,1069.0,1
2626508.0,1071.0,1
2626508.0,1071.0,1
2626508.0,1070.0,1
2626508.0,1071.0,1
2626508.0,1071.0,1
2626508.0,1071.0,1
2626508.0,1071.0,1
2626508.0,1071.0,1
2626508.0,1070.0,1
2626508.0,1071.0,1
2626508.0,1071.0,1
2626508.0,1071.0,1
2626508.0,1071.0,1
2626508.0,1071.0,1
2626508.0,1071.0,1
2626508.0,1071.0,1
2626508.0,1074.0,1
2626508.0,1071.0,1
2626508.0,1071.0,1
2626508.0,1074.0,1
2626508.0,1074.0,1
2626508.0,1070.0,1
2626508.0,1071.0,1
2626508.0,1071.0,1
2626508.0,1071.0,1
2626508.0,1071.0,1
2626508.0,1071.0,1
2626508.0,1071.0,1
2626508.0,1071.0,1
2626508.0,1071.0,1
2626508.0,1068.0,1
2626509.0,1071.0,1
2626509.0,1070.0,1
2626509.0,1070.0,1
2626509.0,1070.0,1
2626510.0,1069.0,1
2626510.0,1069.0,1
2626510.0,1069.0,1
2626510.0,1069.0,1
2626510.0,1069.0,1
2626511.0,1069.0,1
2626860.0,952.0,1
2627091.0,7485.0,1
2627091.0,7485.0,1
2627422.0,1952.0,1
2627782.0,7.0,1
2628133.0,24.0,1
2628300.0,32.0,1
2628300.0,32.0,1
2628300.0,32.0,1
2628300.0,32.0,1
2628300.0,32.0,1
2628300.0,32.0,1
2628300.0,32.0,1
2628300.0,32.0,1
2628300.0,32.0,1
2628300.0,32.0,1
2628300.0,32.0,1
2628300.0,32.0,1
2628300.0,32.0,1
2628300.0,32.0,1
2628300.0,32.0,1
2628300.0,32.0,1
2628300.0,32.0,1
2628300.0,32.0,1
2628300.0,32.0,1
2628300.0,32.0,1
2628300.0,32.0,1
2628300.0,32.0,1
2628300.0,32.0,1
2628302.0,30.0,1
2628302.0,30.0,1
2628302.0,29.0,1
2628302.0,29.0,1
2628302.0,30.0,1
2628302.0,30.0,1
2628302.0,30.0,1
2628302.0,30.0,1
2628302.0,31.0,1
2628302.0,30.0,1
2628302.0,30.0,1
2628302.0,29.0,1
2628302.0,31.0,1
2628302.0,30.0,1
2628302.0,30.0,1
2628302.0,29.0,1
2628302.0,30.0,1
2628302.0,30.0,1
2628302.0,29.0,1
2628303.0,30.0,1
2628303.0,29.0,1
2628303.0,30.0,1
2628303.0,30.0,1
2628303.0,29.0,1
2628303.0,29.0,1
2628303.0,29.0,1
2628303.0,29.0,1
2628303.0,29.0,1
2628303.0,30.0,1
2628303.0,29.0,1
2628894.0,951.0,1
2629038.0,23897.0,1
2629360.0,33.0,1
2629360.0,33.0,1
2629360.0,33.0,1
2629360.0,33.0,1
2629360.0,33.0,1
2629360.0,33.0,1
2629360.0,33.0,1
2629360.0,33.0,1
2629360.0,34.0,1
2629360.0,33.0,1
2629360.0,33.0,1
2629360.0,33.0,1
2629360.0,33.0,1
2629360.0,33.0,1
2629360.0,33.0,1
2629360.0,33.0,1
2629360.0,33.0,1
2629374.0,909.0,1
2629374.0,4760.0,1
2629975.0,941.0,1
2631044.0,951.0,1
2631134.0,8346.0,1
2631134.0,8377.0,1
2631134.0,8346.0,1
2631134.0,8377.0,1
2631134.0,8346.0,1
2631134.0,8346.0,1
2631134.0,8346.0,1
2632142.0,950.0,1
2633223.0,952.0,1
2633731.0,2277.0,1
2634188.0,4314.0,1
2636051.0,4.0,1
2638518.0,4316.0,1
2642848.0,4351.0,1
2643383.0,7.0,1
2647815.0,17462.0,1
2648169.0,940.0,1
2648666.0,16711.0,1
2650205.0,954.0,1
2650649.0,14853.0,1
2650661.0,14578.0,1
2650669.0,14554.0,1
2650683.0,1653.0,1
2650687.0,1470.0,1
2650688.0,1317.0,1
2650693.0,1460.0,1
2651241.0,5.0,1
2651290.0,951.0,1
2651935.0,3294.0,1
2652141.0,6.0,1
2653150.0,2222.0,1
2653151.0,1886.0,1
2653151.0,1934.0,1
2653162.0,1945.0,1
2653162.0,11026.0,1
2653163.0,2092.0,1
2654884.0,10252.0,1
2654885.0,10381.0,1
2654887.0,1455.0,1
2654888.0,10503.0,1
2656170.0,7874.0,1
2662427.0,950.0,1
2663522.0,951.0,1
2663850.0,2847.0,1
2663851.0,2716.0,1
2663851.0,2770.0,1
2664607.0,950.0,1
2665003.0,1644.0,1
2665003.0,1912.0,1
2665687.0,951.0,1
2665692.0,8.0,1
2666416.0,1638.0,1
2667828.0,943.0,1
2669547.0,950.0,1
2672172.0,3.0,1
