episode,job_id,user_id,priority,gpus,runtime,arrival_time,start_time,finish_time,jct,wait_time,flops
102,2,0,1.0,1,1952.999999999999,39.0,40.0,1992.999999999999,1953.999999999999,1.0,1952999999999999.0
102,5,0,1.0,1,3596.0,5150.999999999999,5152.0,8748.0,3597.000000000001,1.0000000000009095,3596000000000000.0
102,3,0,1.0,1,11487.000000000002,849.9999999999991,850.0,12337.000000000002,11487.000000000004,9.094947017729282e-13,1.1487000000000002e+16
102,6,0,1.0,1,3586.0,9120.0,9121.0,12707.0,3587.0,1.0,3586000000000000.0
103,2,0,1.0,1,1952.999999999999,39.0,40.0,1992.999999999999,1953.999999999999,1.0,1952999999999999.0
103,5,0,1.0,1,3596.0,5150.999999999999,5152.0,8748.0,3597.000000000001,1.0000000000009095,3596000000000000.0
103,3,0,1.0,1,11487.000000000002,849.9999999999991,850.0,12337.000000000002,11487.000000000004,9.094947017729282e-13,1.1487000000000002e+16
103,6,0,1.0,1,3586.0,9120.0,9121.0,12707.0,3587.0,1.0,3586000000000000.0
104,2,0,1.0,1,1952.999999999999,39.0,40.0,1992.999999999999,1953.999999999999,1.0,1952999999999999.0
104,5,0,1.0,1,3596.0,5150.999999999999,5152.0,8748.0,3597.000000000001,1.0000000000009095,3596000000000000.0
104,3,0,1.0,1,11487.000000000002,849.9999999999991,850.0,12337.000000000002,11487.000000000004,9.094947017729282e-13,1.1487000000000002e+16
104,6,0,1.0,1,3586.0,9120.0,9121.0,12707.0,3587.0,1.0,3586000000000000.0
105,2,0,1.0,1,1952.999999999999,39.0,40.0,1992.999999999999,1953.999999999999,1.0,1952999999999999.0
105,5,0,1.0,1,3596.0,5150.999999999999,5152.0,8748.0,3597.000000000001,1.0000000000009095,3596000000000000.0
105,3,0,1.0,1,11487.000000000002,849.9999999999991,850.0,12337.000000000002,11487.000000000004,9.094947017729282e-13,1.1487000000000002e+16
105,6,0,1.0,1,3586.0,9120.0,9121.0,12707.0,3587.0,1.0,3586000000000000.0
106,2,0,1.0,1,1952.999999999999,39.0,40.0,1992.999999999999,1953.999999999999,1.0,1952999999999999.0
106,5,0,1.0,1,3596.0,5150.999999999999,5152.0,8748.0,3597.000000000001,1.0000000000009095,3596000000000000.0
106,3,0,1.0,1,11487.000000000002,849.9999999999991,850.0,12337.000000000002,11487.000000000004,9.094947017729282e-13,1.1487000000000002e+16
106,6,0,1.0,1,3586.0,9120.0,9121.0,12707.0,3587.0,1.0,3586000000000000.0
107,2,0,1.0,1,1952.999999999999,39.0,40.0,1992.999999999999,1953.999999999999,1.0,1952999999999999.0
107,5,0,1.0,1,3596.0,5150.999999999999,5152.0,8748.0,3597.000000000001,1.0000000000009095,3596000000000000.0
107,3,0,1.0,1,11487.000000000002,849.9999999999991,850.0,12337.000000000002,11487.000000000004,9.094947017729282e-13,1.1487000000000002e+16
107,6,0,1.0,1,3586.0,9120.0,9121.0,12707.0,3587.0,1.0,3586000000000000.0
108,2,0,1.0,1,1952.999999999999,39.0,40.0,1992.999999999999,1953.999999999999,1.0,1952999999999999.0
108,5,0,1.0,1,3596.0,5150.999999999999,5152.0,8748.0,3597.000000000001,1.0000000000009095,3596000000000000.0
108,3,0,1.0,1,11487.000000000002,849.9999999999991,850.0,12337.000000000002,11487.000000000004,9.094947017729282e-13,1.1487000000000002e+16
108,6,0,1.0,1,3586.0,9120.0,9121.0,12707.0,3587.0,1.0,3586000000000000.0
109,2,0,1.0,1,1952.999999999999,39.0,40.0,1992.999999999999,1953.999999999999,1.0,1952999999999999.0
109,5,0,1.0,1,3596.0,5150.999999999999,5152.0,8748.0,3597.000000000001,1.0000000000009095,3596000000000000.0
109,3,0,1.0,1,11487.000000000002,849.9999999999991,850.0,12337.000000000002,11487.000000000004,9.094947017729282e-13,1.1487000000000002e+16
109,6,0,1.0,1,3586.0,9120.0,9121.0,12707.0,3587.0,1.0,3586000000000000.0
110,2,0,1.0,1,1952.999999999999,39.0,40.0,1992.999999999999,1953.999999999999,1.0,1952999999999999.0
110,5,0,1.0,1,3596.0,5150.999999999999,5152.0,8748.0,3597.000000000001,1.0000000000009095,3596000000000000.0
110,3,0,1.0,1,11487.000000000002,849.9999999999991,850.0,12337.000000000002,11487.000000000004,9.094947017729282e-13,1.1487000000000002e+16
110,6,0,1.0,1,3586.0,9120.0,9121.0,12707.0,3587.0,1.0,3586000000000000.0
111,2,0,1.0,1,1952.999999999999,39.0,40.0,1992.999999999999,1953.999999999999,1.0,1952999999999999.0
111,5,0,1.0,1,3596.0,5150.999999999999,5152.0,8748.0,3597.000000000001,1.0000000000009095,3596000000000000.0
111,3,0,1.0,1,11487.000000000002,849.9999999999991,850.0,12337.000000000002,11487.000000000004,9.094947017729282e-13,1.1487000000000002e+16
111,6,0,1.0,1,3586.0,9120.0,9121.0,12707.0,3587.0,1.0,3586000000000000.0
112,2,0,1.0,1,1952.999999999999,39.0,40.0,1992.999999999999,1953.999999999999,1.0,1952999999999999.0
112,5,0,1.0,1,3596.0,5150.999999999999,5152.0,8748.0,3597.000000000001,1.0000000000009095,3596000000000000.0
112,3,0,1.0,1,11487.000000000002,849.9999999999991,850.0,12337.000000000002,11487.000000000004,9.094947017729282e-13,1.1487000000000002e+16
112,6,0,1.0,1,3586.0,9120.0,9121.0,12707.0,3587.0,1.0,3586000000000000.0
113,2,0,1.0,1,1952.999999999999,39.0,40.0,1992.999999999999,1953.999999999999,1.0,1952999999999999.0
113,5,0,1.0,1,3596.0,5150.999999999999,5152.0,8748.0,3597.000000000001,1.0000000000009095,3596000000000000.0
113,3,0,1.0,1,11487.000000000002,849.9999999999991,850.0,12337.000000000002,11487.000000000004,9.094947017729282e-13,1.1487000000000002e+16
113,6,0,1.0,1,3586.0,9120.0,9121.0,12707.0,3587.0,1.0,3586000000000000.0
114,2,0,1.0,1,1952.999999999999,39.0,40.0,1992.999999999999,1953.999999999999,1.0,1952999999999999.0
114,5,0,1.0,1,3596.0,5150.999999999999,5152.0,8748.0,3597.000000000001,1.0000000000009095,3596000000000000.0
114,3,0,1.0,1,11487.000000000002,849.9999999999991,850.0,12337.000000000002,11487.000000000004,9.094947017729282e-13,1.1487000000000002e+16
114,6,0,1.0,1,3586.0,9120.0,9121.0,12707.0,3587.0,1.0,3586000000000000.0
115,2,0,1.0,1,1952.999999999999,39.0,40.0,1992.999999999999,1953.999999999999,1.0,1952999999999999.0
115,5,0,1.0,1,3596.0,5150.999999999999,5152.0,8748.0,3597.000000000001,1.0000000000009095,3596000000000000.0
115,3,0,1.0,1,11487.000000000002,849.9999999999991,850.0,12337.000000000002,11487.000000000004,9.094947017729282e-13,1.1487000000000002e+16
115,6,0,1.0,1,3586.0,9120.0,9121.0,12707.0,3587.0,1.0,3586000000000000.0
116,2,0,1.0,1,1952.999999999999,39.0,40.0,1992.999999999999,1953.999999999999,1.0,1952999999999999.0
116,5,0,1.0,1,3596.0,5150.999999999999,5152.0,8748.0,3597.000000000001,1.0000000000009095,3596000000000000.0
116,3,0,1.0,1,11487.000000000002,849.9999999999991,850.0,12337.000000000002,11487.000000000004,9.094947017729282e-13,1.1487000000000002e+16
116,6,0,1.0,1,3586.0,9120.0,9121.0,12707.0,3587.0,1.0,3586000000000000.0
117,2,0,1.0,1,1952.999999999999,39.0,40.0,1992.999999999999,1953.999999999999,1.0,1952999999999999.0
117,5,0,1.0,1,3596.0,5150.999999999999,5152.0,8748.0,3597.000000000001,1.0000000000009095,3596000000000000.0
117,3,0,1.0,1,11487.000000000002,849.9999999999991,850.0,12337.000000000002,11487.000000000004,9.094947017729282e-13,1.1487000000000002e+16
117,6,0,1.0,1,3586.0,9120.0,9121.0,12707.0,3587.0,1.0,3586000000000000.0
118,2,0,1.0,1,1952.999999999999,39.0,40.0,1992.999999999999,1953.999999999999,1.0,1952999999999999.0
118,5,0,1.0,1,3596.0,5150.999999999999,5152.0,8748.0,3597.000000000001,1.0000000000009095,3596000000000000.0
118,3,0,1.0,1,11487.000000000002,849.9999999999991,850.0,12337.000000000002,11487.000000000004,9.094947017729282e-13,1.1487000000000002e+16
118,6,0,1.0,1,3586.0,9120.0,9121.0,12707.0,3587.0,1.0,3586000000000000.0
119,2,0,1.0,1,1952.999999999999,39.0,40.0,1992.999999999999,1953.999999999999,1.0,1952999999999999.0
119,5,0,1.0,1,3596.0,5150.999999999999,5152.0,8748.0,3597.000000000001,1.0000000000009095,3596000000000000.0
119,3,0,1.0,1,11487.000000000002,849.9999999999991,850.0,12337.000000000002,11487.000000000004,9.094947017729282e-13,1.1487000000000002e+16
119,6,0,1.0,1,3586.0,9120.0,9121.0,12707.0,3587.0,1.0,3586000000000000.0
120,2,0,1.0,1,1952.999999999999,39.0,40.0,1992.999999999999,1953.999999999999,1.0,1952999999999999.0
120,5,0,1.0,1,3596.0,5150.999999999999,5152.0,8748.0,3597.000000000001,1.0000000000009095,3596000000000000.0
120,3,0,1.0,1,11487.000000000002,849.9999999999991,850.0,12337.000000000002,11487.000000000004,9.094947017729282e-13,1.1487000000000002e+16
120,6,0,1.0,1,3586.0,9120.0,9121.0,12707.0,3587.0,1.0,3586000000000000.0
121,2,0,1.0,1,1952.999999999999,39.0,40.0,1992.999999999999,1953.999999999999,1.0,1952999999999999.0
121,5,0,1.0,1,3596.0,5150.999999999999,5152.0,8748.0,3597.000000000001,1.0000000000009095,3596000000000000.0
121,3,0,1.0,1,11487.000000000002,849.9999999999991,850.0,12337.000000000002,11487.000000000004,9.094947017729282e-13,1.1487000000000002e+16
121,6,0,1.0,1,3586.0,9120.0,9121.0,12707.0,3587.0,1.0,3586000000000000.0
122,2,0,1.0,1,1952.999999999999,39.0,40.0,1992.999999999999,1953.999999999999,1.0,1952999999999999.0
122,5,0,1.0,1,3596.0,5150.999999999999,5152.0,8748.0,3597.000000000001,1.0000000000009095,3596000000000000.0
122,3,0,1.0,1,11487.000000000002,849.9999999999991,850.0,12337.000000000002,11487.000000000004,9.094947017729282e-13,1.1487000000000002e+16
122,6,0,1.0,1,3586.0,9120.0,9121.0,12707.0,3587.0,1.0,3586000000000000.0
123,2,0,1.0,1,1952.999999999999,39.0,40.0,1992.999999999999,1953.999999999999,1.0,1952999999999999.0
123,5,0,1.0,1,3596.0,5150.999999999999,5152.0,8748.0,3597.000000000001,1.0000000000009095,3596000000000000.0
123,3,0,1.0,1,11487.000000000002,849.9999999999991,850.0,12337.000000000002,11487.000000000004,9.094947017729282e-13,1.1487000000000002e+16
123,6,0,1.0,1,3586.0,9120.0,9121.0,12707.0,3587.0,1.0,3586000000000000.0
124,2,0,1.0,1,1952.999999999999,39.0,40.0,1992.999999999999,1953.999999999999,1.0,1952999999999999.0
124,5,0,1.0,1,3596.0,5150.999999999999,5152.0,8748.0,3597.000000000001,1.0000000000009095,3596000000000000.0
124,3,0,1.0,1,11487.000000000002,849.9999999999991,850.0,12337.000000000002,11487.000000000004,9.094947017729282e-13,1.1487000000000002e+16
124,6,0,1.0,1,3586.0,9120.0,9121.0,12707.0,3587.0,1.0,3586000000000000.0
125,2,0,1.0,1,1952.999999999999,39.0,40.0,1992.999999999999,1953.999999999999,1.0,1952999999999999.0
125,5,0,1.0,1,3596.0,5150.999999999999,5152.0,8748.0,3597.000000000001,1.0000000000009095,3596000000000000.0
125,3,0,1.0,1,11487.000000000002,849.9999999999991,850.0,12337.000000000002,11487.000000000004,9.094947017729282e-13,1.1487000000000002e+16
125,6,0,1.0,1,3586.0,9120.0,9121.0,12707.0,3587.0,1.0,3586000000000000.0
126,2,0,1.0,1,1952.999999999999,39.0,40.0,1992.999999999999,1953.999999999999,1.0,1952999999999999.0
126,5,0,1.0,1,3596.0,5150.999999999999,5152.0,8748.0,3597.000000000001,1.0000000000009095,3596000000000000.0
126,3,0,1.0,1,11487.000000000002,849.9999999999991,850.0,12337.000000000002,11487.000000000004,9.094947017729282e-13,1.1487000000000002e+16
126,6,0,1.0,1,3586.0,9120.0,9121.0,12707.0,3587.0,1.0,3586000000000000.0
127,2,0,1.0,1,1952.999999999999,39.0,40.0,1992.999999999999,1953.999999999999,1.0,1952999999999999.0
127,5,0,1.0,1,3596.0,5150.999999999999,5152.0,8748.0,3597.000000000001,1.0000000000009095,3596000000000000.0
127,3,0,1.0,1,11487.000000000002,849.9999999999991,850.0,12337.000000000002,11487.000000000004,9.094947017729282e-13,1.1487000000000002e+16
127,6,0,1.0,1,3586.0,9120.0,9121.0,12707.0,3587.0,1.0,3586000000000000.0
128,2,0,1.0,1,1952.999999999999,39.0,40.0,1992.999999999999,1953.999999999999,1.0,1952999999999999.0
128,5,0,1.0,1,3596.0,5150.999999999999,5152.0,8748.0,3597.000000000001,1.0000000000009095,3596000000000000.0
128,3,0,1.0,1,11487.000000000002,849.9999999999991,850.0,12337.000000000002,11487.000000000004,9.094947017729282e-13,1.1487000000000002e+16
128,6,0,1.0,1,3586.0,9120.0,9121.0,12707.0,3587.0,1.0,3586000000000000.0
129,2,0,1.0,1,1952.999999999999,39.0,40.0,1992.999999999999,1953.999999999999,1.0,1952999999999999.0
129,5,0,1.0,1,3596.0,5150.999999999999,5152.0,8748.0,3597.000000000001,1.0000000000009095,3596000000000000.0
129,3,0,1.0,1,11487.000000000002,849.9999999999991,850.0,12337.000000000002,11487.000000000004,9.094947017729282e-13,1.1487000000000002e+16
129,6,0,1.0,1,3586.0,9120.0,9121.0,12707.0,3587.0,1.0,3586000000000000.0
130,2,0,1.0,1,1952.999999999999,39.0,40.0,1992.999999999999,1953.999999999999,1.0,1952999999999999.0
130,5,0,1.0,1,3596.0,5150.999999999999,5152.0,8748.0,3597.000000000001,1.0000000000009095,3596000000000000.0
130,3,0,1.0,1,11487.000000000002,849.9999999999991,850.0,12337.000000000002,11487.000000000004,9.094947017729282e-13,1.1487000000000002e+16
130,6,0,1.0,1,3586.0,9120.0,9121.0,12707.0,3587.0,1.0,3586000000000000.0
131,2,0,1.0,1,1952.999999999999,39.0,40.0,1992.999999999999,1953.999999999999,1.0,1952999999999999.0
131,5,0,1.0,1,3596.0,5150.999999999999,5152.0,8748.0,3597.000000000001,1.0000000000009095,3596000000000000.0
131,3,0,1.0,1,11487.000000000002,849.9999999999991,850.0,12337.000000000002,11487.000000000004,9.094947017729282e-13,1.1487000000000002e+16
131,6,0,1.0,1,3586.0,9120.0,9121.0,12707.0,3587.0,1.0,3586000000000000.0
132,4,0,1.0,1,14287.0,5150.999999999999,5151.0,42.0,-5108.999999999999,9.094947017729282e-13,1.4287e+16
132,7,0,1.0,1,321579.0,11873.0,11874.0,42.0,-11831.0,1.0,3.21579e+17
132,8,0,1.0,1,321524.0,11874.0,11875.0,42.0,-11832.0,1.0,3.21524e+17
132,4,0,1.0,1,14287.0,5150.999999999999,5151.0,42.0,-5108.999999999999,9.094947017729282e-13,1.4287e+16
132,7,0,1.0,1,321579.0,11873.0,11874.0,42.0,-11831.0,1.0,3.21579e+17
132,8,0,1.0,1,321524.0,11874.0,11875.0,42.0,-11832.0,1.0,3.21524e+17
132,4,0,1.0,1,14287.0,5150.999999999999,5151.0,42.0,-5108.999999999999,9.094947017729282e-13,1.4287e+16
132,7,0,1.0,1,321579.0,11873.0,11874.0,42.0,-11831.0,1.0,3.21579e+17
132,8,0,1.0,1,321524.0,11874.0,11875.0,42.0,-11832.0,1.0,3.21524e+17
132,4,0,1.0,1,14287.0,5150.999999999999,5151.0,42.0,-5108.999999999999,9.094947017729282e-13,1.4287e+16
132,7,0,1.0,1,321579.0,11873.0,11874.0,42.0,-11831.0,1.0,3.21579e+17
132,8,0,1.0,1,321524.0,11874.0,11875.0,42.0,-11832.0,1.0,3.21524e+17
132,4,0,1.0,1,14287.0,5150.999999999999,5151.0,42.0,-5108.999999999999,9.094947017729282e-13,1.4287e+16
132,7,0,1.0,1,321579.0,11873.0,11874.0,42.0,-11831.0,1.0,3.21579e+17
132,8,0,1.0,1,321524.0,11874.0,11875.0,42.0,-11832.0,1.0,3.21524e+17
132,4,0,1.0,1,14287.0,5150.999999999999,5151.0,42.0,-5108.999999999999,9.094947017729282e-13,1.4287e+16
132,7,0,1.0,1,321579.0,11873.0,11874.0,42.0,-11831.0,1.0,3.21579e+17
132,8,0,1.0,1,321524.0,11874.0,11875.0,42.0,-11832.0,1.0,3.21524e+17
132,4,0,1.0,1,14287.0,5150.999999999999,5151.0,42.0,-5108.999999999999,9.094947017729282e-13,1.4287e+16
132,7,0,1.0,1,321579.0,11873.0,11874.0,42.0,-11831.0,1.0,3.21579e+17
132,8,0,1.0,1,321524.0,11874.0,11875.0,42.0,-11832.0,1.0,3.21524e+17
132,4,0,1.0,1,14287.0,5150.999999999999,5151.0,42.0,-5108.999999999999,9.094947017729282e-13,1.4287e+16
132,7,0,1.0,1,321579.0,11873.0,11874.0,42.0,-11831.0,1.0,3.21579e+17
132,8,0,1.0,1,321524.0,11874.0,11875.0,42.0,-11832.0,1.0,3.21524e+17
132,4,0,1.0,1,14287.0,5150.999999999999,5151.0,42.0,-5108.999999999999,9.094947017729282e-13,1.4287e+16
132,7,0,1.0,1,321579.0,11873.0,11874.0,42.0,-11831.0,1.0,3.21579e+17
132,8,0,1.0,1,321524.0,11874.0,11875.0,42.0,-11832.0,1.0,3.21524e+17
132,4,0,1.0,1,14287.0,5150.999999999999,5151.0,42.0,-5108.999999999999,9.094947017729282e-13,1.4287e+16
132,7,0,1.0,1,321579.0,11873.0,11874.0,42.0,-11831.0,1.0,3.21579e+17
132,8,0,1.0,1,321524.0,11874.0,11875.0,42.0,-11832.0,1.0,3.21524e+17
132,4,0,1.0,1,14287.0,5150.999999999999,5151.0,42.0,-5108.999999999999,9.094947017729282e-13,1.4287e+16
132,7,0,1.0,1,321579.0,11873.0,11874.0,42.0,-11831.0,1.0,3.21579e+17
132,8,0,1.0,1,321524.0,11874.0,11875.0,42.0,-11832.0,1.0,3.21524e+17
132,4,0,1.0,1,14287.0,5150.999999999999,5151.0,42.0,-5108.999999999999,9.094947017729282e-13,1.4287e+16
132,7,0,1.0,1,321579.0,11873.0,11874.0,42.0,-11831.0,1.0,3.21579e+17
132,8,0,1.0,1,321524.0,11874.0,11875.0,42.0,-11832.0,1.0,3.21524e+17
132,4,0,1.0,1,14287.0,5150.999999999999,5151.0,42.0,-5108.999999999999,9.094947017729282e-13,1.4287e+16
132,7,0,1.0,1,321579.0,11873.0,11874.0,42.0,-11831.0,1.0,3.21579e+17
132,8,0,1.0,1,321524.0,11874.0,11875.0,42.0,-11832.0,1.0,3.21524e+17
132,4,0,1.0,1,14287.0,5150.999999999999,5151.0,42.0,-5108.999999999999,9.094947017729282e-13,1.4287e+16
132,7,0,1.0,1,321579.0,11873.0,11874.0,42.0,-11831.0,1.0,3.21579e+17
132,8,0,1.0,1,321524.0,11874.0,11875.0,42.0,-11832.0,1.0,3.21524e+17
132,4,0,1.0,1,14287.0,5150.999999999999,5151.0,42.0,-5108.999999999999,9.094947017729282e-13,1.4287e+16
132,7,0,1.0,1,321579.0,11873.0,11874.0,42.0,-11831.0,1.0,3.21579e+17
132,8,0,1.0,1,321524.0,11874.0,11875.0,42.0,-11832.0,1.0,3.21524e+17
132,4,0,1.0,1,14287.0,5150.999999999999,5151.0,42.0,-5108.999999999999,9.094947017729282e-13,1.4287e+16
132,7,0,1.0,1,321579.0,11873.0,11874.0,42.0,-11831.0,1.0,3.21579e+17
132,8,0,1.0,1,321524.0,11874.0,11875.0,42.0,-11832.0,1.0,3.21524e+17
132,4,0,1.0,1,14287.0,5150.999999999999,5151.0,42.0,-5108.999999999999,9.094947017729282e-13,1.4287e+16
132,7,0,1.0,1,321579.0,11873.0,11874.0,42.0,-11831.0,1.0,3.21579e+17
132,8,0,1.0,1,321524.0,11874.0,11875.0,42.0,-11832.0,1.0,3.21524e+17
132,4,0,1.0,1,14287.0,5150.999999999999,5151.0,42.0,-5108.999999999999,9.094947017729282e-13,1.4287e+16
132,7,0,1.0,1,321579.0,11873.0,11874.0,42.0,-11831.0,1.0,3.21579e+17
132,8,0,1.0,1,321524.0,11874.0,11875.0,42.0,-11832.0,1.0,3.21524e+17
132,4,0,1.0,1,14287.0,5150.999999999999,5151.0,42.0,-5108.999999999999,9.094947017729282e-13,1.4287e+16
132,7,0,1.0,1,321579.0,11873.0,11874.0,42.0,-11831.0,1.0,3.21579e+17
132,8,0,1.0,1,321524.0,11874.0,11875.0,42.0,-11832.0,1.0,3.21524e+17
132,4,0,1.0,1,14287.0,5150.999999999999,5151.0,42.0,-5108.999999999999,9.094947017729282e-13,1.4287e+16
132,7,0,1.0,1,321579.0,11873.0,11874.0,42.0,-11831.0,1.0,3.21579e+17
132,8,0,1.0,1,321524.0,11874.0,11875.0,42.0,-11832.0,1.0,3.21524e+17
132,4,0,1.0,1,14287.0,5150.999999999999,5151.0,42.0,-5108.999999999999,9.094947017729282e-13,1.4287e+16
132,7,0,1.0,1,321579.0,11873.0,11874.0,42.0,-11831.0,1.0,3.21579e+17
132,8,0,1.0,1,321524.0,11874.0,11875.0,42.0,-11832.0,1.0,3.21524e+17
132,4,0,1.0,1,14287.0,5150.999999999999,5151.0,42.0,-5108.999999999999,9.094947017729282e-13,1.4287e+16
132,7,0,1.0,1,321579.0,11873.0,11874.0,42.0,-11831.0,1.0,3.21579e+17
132,8,0,1.0,1,321524.0,11874.0,11875.0,42.0,-11832.0,1.0,3.21524e+17
132,4,0,1.0,1,14287.0,5150.999999999999,5151.0,42.0,-5108.999999999999,9.094947017729282e-13,1.4287e+16
132,7,0,1.0,1,321579.0,11873.0,11874.0,42.0,-11831.0,1.0,3.21579e+17
132,8,0,1.0,1,321524.0,11874.0,11875.0,42.0,-11832.0,1.0,3.21524e+17
132,4,0,1.0,1,14287.0,5150.999999999999,5151.0,42.0,-5108.999999999999,9.094947017729282e-13,1.4287e+16
132,7,0,1.0,1,321579.0,11873.0,11874.0,42.0,-11831.0,1.0,3.21579e+17
132,8,0,1.0,1,321524.0,11874.0,11875.0,42.0,-11832.0,1.0,3.21524e+17
132,2,0,1.0,1,1952.999999999999,39.0,40.0,1992.999999999999,1953.999999999999,1.0,1952999999999999.0
132,5,0,1.0,1,3596.0,5150.999999999999,5152.0,8748.0,3597.000000000001,1.0000000000009095,3596000000000000.0
132,3,0,1.0,1,11487.000000000002,849.9999999999991,850.0,12337.000000000002,11487.000000000004,9.094947017729282e-13,1.1487000000000002e+16
132,6,0,1.0,1,3586.0,9120.0,9121.0,12707.0,3587.0,1.0,3586000000000000.0
133,2,0,1.0,1,1952.999999999999,39.0,40.0,1992.999999999999,1953.999999999999,1.0,1952999999999999.0
133,5,0,1.0,1,3596.0,5150.999999999999,5152.0,8748.0,3597.000000000001,1.0000000000009095,3596000000000000.0
133,3,0,1.0,1,11487.000000000002,849.9999999999991,850.0,12337.000000000002,11487.000000000004,9.094947017729282e-13,1.1487000000000002e+16
133,6,0,1.0,1,3586.0,9120.0,9121.0,12707.0,3587.0,1.0,3586000000000000.0
134,2,0,1.0,1,1952.999999999999,39.0,40.0,1992.999999999999,1953.999999999999,1.0,1952999999999999.0
134,5,0,1.0,1,3596.0,5150.999999999999,5152.0,8748.0,3597.000000000001,1.0000000000009095,3596000000000000.0
134,3,0,1.0,1,11487.000000000002,849.9999999999991,850.0,12337.000000000002,11487.000000000004,9.094947017729282e-13,1.1487000000000002e+16
134,6,0,1.0,1,3586.0,9120.0,9121.0,12707.0,3587.0,1.0,3586000000000000.0
125,2,0,1.0,1,1952.999999999999,39.0,40.0,1992.999999999999,1953.999999999999,1.0,1952999999999999.0
125,5,0,1.0,1,3596.0,5150.999999999999,5152.0,8748.0,3597.000000000001,1.0000000000009095,3596000000000000.0
125,3,0,1.0,1,11487.000000000002,849.9999999999991,850.0,12337.000000000002,11487.000000000004,9.094947017729282e-13,1.1487000000000002e+16
125,6,0,1.0,1,3586.0,9120.0,9121.0,12707.0,3587.0,1.0,3586000000000000.0
126,2,0,1.0,1,1952.999999999999,39.0,40.0,1992.999999999999,1953.999999999999,1.0,1952999999999999.0
126,5,0,1.0,1,3596.0,5150.999999999999,5152.0,8748.0,3597.000000000001,1.0000000000009095,3596000000000000.0
126,3,0,1.0,1,11487.000000000002,849.9999999999991,850.0,12337.000000000002,11487.000000000004,9.094947017729282e-13,1.1487000000000002e+16
126,6,0,1.0,1,3586.0,9120.0,9121.0,12707.0,3587.0,1.0,3586000000000000.0
127,2,0,1.0,1,1952.999999999999,39.0,40.0,1992.999999999999,1953.999999999999,1.0,1952999999999999.0
127,5,0,1.0,1,3596.0,5150.999999999999,5152.0,8748.0,3597.000000000001,1.0000000000009095,3596000000000000.0
127,3,0,1.0,1,11487.000000000002,849.9999999999991,850.0,12337.000000000002,11487.000000000004,9.094947017729282e-13,1.1487000000000002e+16
127,6,0,1.0,1,3586.0,9120.0,9121.0,12707.0,3587.0,1.0,3586000000000000.0
128,2,0,1.0,1,1952.999999999999,39.0,40.0,1992.999999999999,1953.999999999999,1.0,1952999999999999.0
128,5,0,1.0,1,3596.0,5150.999999999999,5152.0,8748.0,3597.000000000001,1.0000000000009095,3596000000000000.0
128,3,0,1.0,1,11487.000000000002,849.9999999999991,850.0,12337.000000000002,11487.000000000004,9.094947017729282e-13,1.1487000000000002e+16
128,6,0,1.0,1,3586.0,9120.0,9121.0,12707.0,3587.0,1.0,3586000000000000.0
129,2,0,1.0,1,1952.999999999999,39.0,40.0,1992.999999999999,1953.999999999999,1.0,1952999999999999.0
129,5,0,1.0,1,3596.0,5150.999999999999,5152.0,8748.0,3597.000000000001,1.0000000000009095,3596000000000000.0
129,3,0,1.0,1,11487.000000000002,849.9999999999991,850.0,12337.000000000002,11487.000000000004,9.094947017729282e-13,1.1487000000000002e+16
129,6,0,1.0,1,3586.0,9120.0,9121.0,12707.0,3587.0,1.0,3586000000000000.0
130,2,0,1.0,1,1952.999999999999,39.0,40.0,1992.999999999999,1953.999999999999,1.0,1952999999999999.0
130,5,0,1.0,1,3596.0,5150.999999999999,5152.0,8748.0,3597.000000000001,1.0000000000009095,3596000000000000.0
130,3,0,1.0,1,11487.000000000002,849.9999999999991,850.0,12337.000000000002,11487.000000000004,9.094947017729282e-13,1.1487000000000002e+16
130,6,0,1.0,1,3586.0,9120.0,9121.0,12707.0,3587.0,1.0,3586000000000000.0
131,2,0,1.0,1,1952.999999999999,39.0,40.0,1992.999999999999,1953.999999999999,1.0,1952999999999999.0
131,5,0,1.0,1,3596.0,5150.999999999999,5152.0,8748.0,3597.000000000001,1.0000000000009095,3596000000000000.0
131,3,0,1.0,1,11487.000000000002,849.9999999999991,850.0,12337.000000000002,11487.000000000004,9.094947017729282e-13,1.1487000000000002e+16
131,6,0,1.0,1,3586.0,9120.0,9121.0,12707.0,3587.0,1.0,3586000000000000.0
132,2,0,1.0,1,1952.999999999999,39.0,40.0,1992.999999999999,1953.999999999999,1.0,1952999999999999.0
132,5,0,1.0,1,3596.0,5150.999999999999,5152.0,8748.0,3597.000000000001,1.0000000000009095,3596000000000000.0
132,3,0,1.0,1,11487.000000000002,849.9999999999991,850.0,12337.000000000002,11487.000000000004,9.094947017729282e-13,1.1487000000000002e+16
132,6,0,1.0,1,3586.0,9120.0,9121.0,12707.0,3587.0,1.0,3586000000000000.0
133,2,0,1.0,1,1952.999999999999,39.0,40.0,1992.999999999999,1953.999999999999,1.0,1952999999999999.0
133,5,0,1.0,1,3596.0,5150.999999999999,5152.0,8748.0,3597.000000000001,1.0000000000009095,3596000000000000.0
133,3,0,1.0,1,11487.000000000002,849.9999999999991,850.0,12337.000000000002,11487.000000000004,9.094947017729282e-13,1.1487000000000002e+16
133,6,0,1.0,1,3586.0,9120.0,9121.0,12707.0,3587.0,1.0,3586000000000000.0
134,2,0,1.0,1,1952.999999999999,39.0,40.0,1992.999999999999,1953.999999999999,1.0,1952999999999999.0
134,5,0,1.0,1,3596.0,5150.999999999999,5152.0,8748.0,3597.000000000001,1.0000000000009095,3596000000000000.0
134,3,0,1.0,1,11487.000000000002,849.9999999999991,850.0,12337.000000000002,11487.000000000004,9.094947017729282e-13,1.1487000000000002e+16
134,6,0,1.0,1,3586.0,9120.0,9121.0,12707.0,3587.0,1.0,3586000000000000.0
135,2,0,1.0,1,1952.999999999999,39.0,40.0,1992.999999999999,1953.999999999999,1.0,1952999999999999.0
135,5,0,1.0,1,3596.0,5150.999999999999,5152.0,8748.0,3597.000000000001,1.0000000000009095,3596000000000000.0
135,3,0,1.0,1,11487.000000000002,849.9999999999991,850.0,12337.000000000002,11487.000000000004,9.094947017729282e-13,1.1487000000000002e+16
135,6,0,1.0,1,3586.0,9120.0,9121.0,12707.0,3587.0,1.0,3586000000000000.0
136,2,0,1.0,1,1952.999999999999,39.0,40.0,1992.999999999999,1953.999999999999,1.0,1952999999999999.0
136,5,0,1.0,1,3596.0,5150.999999999999,5152.0,8748.0,3597.000000000001,1.0000000000009095,3596000000000000.0
136,3,0,1.0,1,11487.000000000002,849.9999999999991,850.0,12337.000000000002,11487.000000000004,9.094947017729282e-13,1.1487000000000002e+16
136,6,0,1.0,1,3586.0,9120.0,9121.0,12707.0,3587.0,1.0,3586000000000000.0
138,2,0,1.0,1,1952.999999999999,39.0,40.0,1992.999999999999,1953.999999999999,1.0,1952999999999999.0
138,5,0,1.0,1,3596.0,5150.999999999999,5152.0,8748.0,3597.000000000001,1.0000000000009095,3596000000000000.0
138,3,0,1.0,1,11487.000000000002,849.9999999999991,850.0,12337.000000000002,11487.000000000004,9.094947017729282e-13,1.1487000000000002e+16
138,6,0,1.0,1,3586.0,9120.0,9121.0,12707.0,3587.0,1.0,3586000000000000.0
139,2,0,1.0,1,1952.999999999999,39.0,40.0,1992.999999999999,1953.999999999999,1.0,1952999999999999.0
139,5,0,1.0,1,3596.0,5150.999999999999,5152.0,8748.0,3597.000000000001,1.0000000000009095,3596000000000000.0
139,3,0,1.0,1,11487.000000000002,849.9999999999991,850.0,12337.000000000002,11487.000000000004,9.094947017729282e-13,1.1487000000000002e+16
139,6,0,1.0,1,3586.0,9120.0,9121.0,12707.0,3587.0,1.0,3586000000000000.0
140,2,0,1.0,1,1952.999999999999,39.0,40.0,1992.999999999999,1953.999999999999,1.0,1952999999999999.0
140,5,0,1.0,1,3596.0,5150.999999999999,5152.0,8748.0,3597.000000000001,1.0000000000009095,3596000000000000.0
140,3,0,1.0,1,11487.000000000002,849.9999999999991,850.0,12337.000000000002,11487.000000000004,9.094947017729282e-13,1.1487000000000002e+16
140,6,0,1.0,1,3586.0,9120.0,9121.0,12707.0,3587.0,1.0,3586000000000000.0
141,2,0,1.0,1,1952.999999999999,39.0,40.0,1992.999999999999,1953.999999999999,1.0,1952999999999999.0
141,5,0,1.0,1,3596.0,5150.999999999999,5152.0,8748.0,3597.000000000001,1.0000000000009095,3596000000000000.0
141,3,0,1.0,1,11487.000000000002,849.9999999999991,850.0,12337.000000000002,11487.000000000004,9.094947017729282e-13,1.1487000000000002e+16
141,6,0,1.0,1,3586.0,9120.0,9121.0,12707.0,3587.0,1.0,3586000000000000.0
142,2,0,1.0,1,1952.999999999999,39.0,40.0,1992.999999999999,1953.999999999999,1.0,1952999999999999.0
142,5,0,1.0,1,3596.0,5150.999999999999,5152.0,8748.0,3597.000000000001,1.0000000000009095,3596000000000000.0
142,3,0,1.0,1,11487.000000000002,849.9999999999991,850.0,12337.000000000002,11487.000000000004,9.094947017729282e-13,1.1487000000000002e+16
142,6,0,1.0,1,3586.0,9120.0,9121.0,12707.0,3587.0,1.0,3586000000000000.0
143,2,0,1.0,1,1952.999999999999,39.0,40.0,1992.999999999999,1953.999999999999,1.0,1952999999999999.0
143,5,0,1.0,1,3596.0,5150.999999999999,5152.0,8748.0,3597.000000000001,1.0000000000009095,3596000000000000.0
143,3,0,1.0,1,11487.000000000002,849.9999999999991,850.0,12337.000000000002,11487.000000000004,9.094947017729282e-13,1.1487000000000002e+16
143,6,0,1.0,1,3586.0,9120.0,9121.0,12707.0,3587.0,1.0,3586000000000000.0
144,2,0,1.0,1,1952.999999999999,39.0,40.0,1992.999999999999,1953.999999999999,1.0,1952999999999999.0
144,5,0,1.0,1,3596.0,5150.999999999999,5152.0,8748.0,3597.000000000001,1.0000000000009095,3596000000000000.0
144,3,0,1.0,1,11487.000000000002,849.9999999999991,850.0,12337.000000000002,11487.000000000004,9.094947017729282e-13,1.1487000000000002e+16
144,6,0,1.0,1,3586.0,9120.0,9121.0,12707.0,3587.0,1.0,3586000000000000.0
145,2,0,1.0,1,1952.999999999999,39.0,40.0,1992.999999999999,1953.999999999999,1.0,1952999999999999.0
145,5,0,1.0,1,3596.0,5150.999999999999,5152.0,8748.0,3597.000000000001,1.0000000000009095,3596000000000000.0
145,3,0,1.0,1,11487.000000000002,849.9999999999991,850.0,12337.000000000002,11487.000000000004,9.094947017729282e-13,1.1487000000000002e+16
145,6,0,1.0,1,3586.0,9120.0,9121.0,12707.0,3587.0,1.0,3586000000000000.0
146,2,0,1.0,1,1952.999999999999,39.0,40.0,1992.999999999999,1953.999999999999,1.0,1952999999999999.0
146,5,0,1.0,1,3596.0,5150.999999999999,5152.0,8748.0,3597.000000000001,1.0000000000009095,3596000000000000.0
146,3,0,1.0,1,11487.000000000002,849.9999999999991,850.0,12337.000000000002,11487.000000000004,9.094947017729282e-13,1.1487000000000002e+16
146,6,0,1.0,1,3586.0,9120.0,9121.0,12707.0,3587.0,1.0,3586000000000000.0
147,2,0,1.0,1,1952.999999999999,39.0,40.0,1992.999999999999,1953.999999999999,1.0,1952999999999999.0
147,5,0,1.0,1,3596.0,5150.999999999999,5152.0,8748.0,3597.000000000001,1.0000000000009095,3596000000000000.0
147,3,0,1.0,1,11487.000000000002,849.9999999999991,850.0,12337.000000000002,11487.000000000004,9.094947017729282e-13,1.1487000000000002e+16
147,6,0,1.0,1,3586.0,9120.0,9121.0,12707.0,3587.0,1.0,3586000000000000.0
148,2,0,1.0,1,1952.999999999999,39.0,40.0,1992.999999999999,1953.999999999999,1.0,1952999999999999.0
148,5,0,1.0,1,3596.0,5150.999999999999,5152.0,8748.0,3597.000000000001,1.0000000000009095,3596000000000000.0
148,3,0,1.0,1,11487.000000000002,849.9999999999991,850.0,12337.000000000002,11487.000000000004,9.094947017729282e-13,1.1487000000000002e+16
148,6,0,1.0,1,3586.0,9120.0,9121.0,12707.0,3587.0,1.0,3586000000000000.0
149,2,0,1.0,1,1952.999999999999,39.0,40.0,1992.999999999999,1953.999999999999,1.0,1952999999999999.0
149,5,0,1.0,1,3596.0,5150.999999999999,5152.0,8748.0,3597.000000000001,1.0000000000009095,3596000000000000.0
149,3,0,1.0,1,11487.000000000002,849.9999999999991,850.0,12337.000000000002,11487.000000000004,9.094947017729282e-13,1.1487000000000002e+16
149,6,0,1.0,1,3586.0,9120.0,9121.0,12707.0,3587.0,1.0,3586000000000000.0
150,2,0,1.0,1,1952.999999999999,39.0,40.0,1992.999999999999,1953.999999999999,1.0,1952999999999999.0
150,5,0,1.0,1,3596.0,5150.999999999999,5152.0,8748.0,3597.000000000001,1.0000000000009095,3596000000000000.0
150,3,0,1.0,1,11487.000000000002,849.9999999999991,850.0,12337.000000000002,11487.000000000004,9.094947017729282e-13,1.1487000000000002e+16
150,6,0,1.0,1,3586.0,9120.0,9121.0,12707.0,3587.0,1.0,3586000000000000.0
151,2,0,1.0,1,1952.999999999999,39.0,40.0,1992.999999999999,1953.999999999999,1.0,1952999999999999.0
151,5,0,1.0,1,3596.0,5150.999999999999,5152.0,8748.0,3597.000000000001,1.0000000000009095,3596000000000000.0
151,3,0,1.0,1,11487.000000000002,849.9999999999991,850.0,12337.000000000002,11487.000000000004,9.094947017729282e-13,1.1487000000000002e+16
151,6,0,1.0,1,3586.0,9120.0,9121.0,12707.0,3587.0,1.0,3586000000000000.0
152,2,0,1.0,1,1952.999999999999,39.0,40.0,1992.999999999999,1953.999999999999,1.0,1952999999999999.0
152,5,0,1.0,1,3596.0,5150.999999999999,5152.0,8748.0,3597.000000000001,1.0000000000009095,3596000000000000.0
152,3,0,1.0,1,11487.000000000002,849.9999999999991,850.0,12337.000000000002,11487.000000000004,9.094947017729282e-13,1.1487000000000002e+16
152,6,0,1.0,1,3586.0,9120.0,9121.0,12707.0,3587.0,1.0,3586000000000000.0
153,2,0,1.0,1,1952.999999999999,39.0,40.0,1992.999999999999,1953.999999999999,1.0,1952999999999999.0
153,5,0,1.0,1,3596.0,5150.999999999999,5152.0,8748.0,3597.000000000001,1.0000000000009095,3596000000000000.0
153,3,0,1.0,1,11487.000000000002,849.9999999999991,850.0,12337.000000000002,11487.000000000004,9.094947017729282e-13,1.1487000000000002e+16
153,6,0,1.0,1,3586.0,9120.0,9121.0,12707.0,3587.0,1.0,3586000000000000.0
154,2,0,1.0,1,1952.999999999999,39.0,40.0,1992.999999999999,1953.999999999999,1.0,1952999999999999.0
154,5,0,1.0,1,3596.0,5150.999999999999,5152.0,8748.0,3597.000000000001,1.0000000000009095,3596000000000000.0
154,3,0,1.0,1,11487.000000000002,849.9999999999991,850.0,12337.000000000002,11487.000000000004,9.094947017729282e-13,1.1487000000000002e+16
154,6,0,1.0,1,3586.0,9120.0,9121.0,12707.0,3587.0,1.0,3586000000000000.0
155,2,0,1.0,1,1952.999999999999,39.0,40.0,1992.999999999999,1953.999999999999,1.0,1952999999999999.0
155,5,0,1.0,1,3596.0,5150.999999999999,5152.0,8748.0,3597.000000000001,1.0000000000009095,3596000000000000.0
155,3,0,1.0,1,11487.000000000002,849.9999999999991,850.0,12337.000000000002,11487.000000000004,9.094947017729282e-13,1.1487000000000002e+16
155,6,0,1.0,1,3586.0,9120.0,9121.0,12707.0,3587.0,1.0,3586000000000000.0
156,2,0,1.0,1,1952.999999999999,39.0,40.0,1992.999999999999,1953.999999999999,1.0,1952999999999999.0
156,5,0,1.0,1,3596.0,5150.999999999999,5152.0,8748.0,3597.000000000001,1.0000000000009095,3596000000000000.0
156,3,0,1.0,1,11487.000000000002,849.9999999999991,850.0,12337.000000000002,11487.000000000004,9.094947017729282e-13,1.1487000000000002e+16
156,6,0,1.0,1,3586.0,9120.0,9121.0,12707.0,3587.0,1.0,3586000000000000.0
157,2,0,1.0,1,1952.999999999999,39.0,40.0,1992.999999999999,1953.999999999999,1.0,1952999999999999.0
157,5,0,1.0,1,3596.0,5150.999999999999,5152.0,8748.0,3597.000000000001,1.0000000000009095,3596000000000000.0
157,3,0,1.0,1,11487.000000000002,849.9999999999991,850.0,12337.000000000002,11487.000000000004,9.094947017729282e-13,1.1487000000000002e+16
157,6,0,1.0,1,3586.0,9120.0,9121.0,12707.0,3587.0,1.0,3586000000000000.0
158,2,0,1.0,1,1952.999999999999,39.0,40.0,1992.999999999999,1953.999999999999,1.0,1952999999999999.0
158,5,0,1.0,1,3596.0,5150.999999999999,5152.0,8748.0,3597.000000000001,1.0000000000009095,3596000000000000.0
158,3,0,1.0,1,11487.000000000002,849.9999999999991,850.0,12337.000000000002,11487.000000000004,9.094947017729282e-13,1.1487000000000002e+16
158,6,0,1.0,1,3586.0,9120.0,9121.0,12707.0,3587.0,1.0,3586000000000000.0
159,2,0,1.0,1,1952.999999999999,39.0,40.0,1992.999999999999,1953.999999999999,1.0,1952999999999999.0
159,5,0,1.0,1,3596.0,5150.999999999999,5152.0,8748.0,3597.000000000001,1.0000000000009095,3596000000000000.0
159,3,0,1.0,1,11487.000000000002,849.9999999999991,850.0,12337.000000000002,11487.000000000004,9.094947017729282e-13,1.1487000000000002e+16
159,6,0,1.0,1,3586.0,9120.0,9121.0,12707.0,3587.0,1.0,3586000000000000.0
160,2,0,1.0,1,1952.999999999999,39.0,40.0,1992.999999999999,1953.999999999999,1.0,1952999999999999.0
160,5,0,1.0,1,3596.0,5150.999999999999,5152.0,8748.0,3597.000000000001,1.0000000000009095,3596000000000000.0
160,3,0,1.0,1,11487.000000000002,849.9999999999991,850.0,12337.000000000002,11487.000000000004,9.094947017729282e-13,1.1487000000000002e+16
160,6,0,1.0,1,3586.0,9120.0,9121.0,12707.0,3587.0,1.0,3586000000000000.0
161,2,0,1.0,1,1952.999999999999,39.0,40.0,1992.999999999999,1953.999999999999,1.0,1952999999999999.0
161,5,0,1.0,1,3596.0,5150.999999999999,5152.0,8748.0,3597.000000000001,1.0000000000009095,3596000000000000.0
161,3,0,1.0,1,11487.000000000002,849.9999999999991,850.0,12337.000000000002,11487.000000000004,9.094947017729282e-13,1.1487000000000002e+16
161,6,0,1.0,1,3586.0,9120.0,9121.0,12707.0,3587.0,1.0,3586000000000000.0
162,2,0,1.0,1,1952.999999999999,39.0,40.0,1992.999999999999,1953.999999999999,1.0,1952999999999999.0
162,5,0,1.0,1,3596.0,5150.999999999999,5152.0,8748.0,3597.000000000001,1.0000000000009095,3596000000000000.0
162,3,0,1.0,1,11487.000000000002,849.9999999999991,850.0,12337.000000000002,11487.000000000004,9.094947017729282e-13,1.1487000000000002e+16
162,6,0,1.0,1,3586.0,9120.0,9121.0,12707.0,3587.0,1.0,3586000000000000.0
163,2,0,1.0,1,1952.999999999999,39.0,40.0,1992.999999999999,1953.999999999999,1.0,1952999999999999.0
163,5,0,1.0,1,3596.0,5150.999999999999,5152.0,8748.0,3597.000000000001,1.0000000000009095,3596000000000000.0
163,3,0,1.0,1,11487.000000000002,849.9999999999991,850.0,12337.000000000002,11487.000000000004,9.094947017729282e-13,1.1487000000000002e+16
163,6,0,1.0,1,3586.0,9120.0,9121.0,12707.0,3587.0,1.0,3586000000000000.0
164,2,0,1.0,1,1952.999999999999,39.0,40.0,1992.999999999999,1953.999999999999,1.0,1952999999999999.0
164,5,0,1.0,1,3596.0,5150.999999999999,5152.0,8748.0,3597.000000000001,1.0000000000009095,3596000000000000.0
164,3,0,1.0,1,11487.000000000002,849.9999999999991,850.0,12337.000000000002,11487.000000000004,9.094947017729282e-13,1.1487000000000002e+16
164,6,0,1.0,1,3586.0,9120.0,9121.0,12707.0,3587.0,1.0,3586000000000000.0
165,2,0,1.0,1,1952.999999999999,39.0,40.0,1992.999999999999,1953.999999999999,1.0,1952999999999999.0
165,5,0,1.0,1,3596.0,5150.999999999999,5152.0,8748.0,3597.000000000001,1.0000000000009095,3596000000000000.0
165,3,0,1.0,1,11487.000000000002,849.9999999999991,850.0,12337.000000000002,11487.000000000004,9.094947017729282e-13,1.1487000000000002e+16
165,6,0,1.0,1,3586.0,9120.0,9121.0,12707.0,3587.0,1.0,3586000000000000.0
166,2,0,1.0,1,1952.999999999999,39.0,40.0,1992.999999999999,1953.999999999999,1.0,1952999999999999.0
166,5,0,1.0,1,3596.0,5150.999999999999,5152.0,8748.0,3597.000000000001,1.0000000000009095,3596000000000000.0
166,3,0,1.0,1,11487.000000000002,849.9999999999991,850.0,12337.000000000002,11487.000000000004,9.094947017729282e-13,1.1487000000000002e+16
166,6,0,1.0,1,3586.0,9120.0,9121.0,12707.0,3587.0,1.0,3586000000000000.0
167,2,0,1.0,1,1952.999999999999,39.0,40.0,1992.999999999999,1953.999999999999,1.0,1952999999999999.0
167,5,0,1.0,1,3596.0,5150.999999999999,5152.0,8748.0,3597.000000000001,1.0000000000009095,3596000000000000.0
167,3,0,1.0,1,11487.000000000002,849.9999999999991,850.0,12337.000000000002,11487.000000000004,9.094947017729282e-13,1.1487000000000002e+16
167,6,0,1.0,1,3586.0,9120.0,9121.0,12707.0,3587.0,1.0,3586000000000000.0
168,4,0,1.0,1,14287.0,5150.999999999999,5151.0,42.0,-5108.999999999999,9.094947017729282e-13,1.4287e+16
168,7,0,1.0,1,321579.0,11873.0,11874.0,42.0,-11831.0,1.0,3.21579e+17
168,8,0,1.0,1,321524.0,11874.0,11875.0,42.0,-11832.0,1.0,3.21524e+17
168,4,0,1.0,1,14287.0,5150.999999999999,5151.0,42.0,-5108.999999999999,9.094947017729282e-13,1.4287e+16
168,7,0,1.0,1,321579.0,11873.0,11874.0,42.0,-11831.0,1.0,3.21579e+17
168,8,0,1.0,1,321524.0,11874.0,11875.0,42.0,-11832.0,1.0,3.21524e+17
168,4,0,1.0,1,14287.0,5150.999999999999,5151.0,42.0,-5108.999999999999,9.094947017729282e-13,1.4287e+16
168,7,0,1.0,1,321579.0,11873.0,11874.0,42.0,-11831.0,1.0,3.21579e+17
168,8,0,1.0,1,321524.0,11874.0,11875.0,42.0,-11832.0,1.0,3.21524e+17
168,4,0,1.0,1,14287.0,5150.999999999999,5151.0,42.0,-5108.999999999999,9.094947017729282e-13,1.4287e+16
168,7,0,1.0,1,321579.0,11873.0,11874.0,42.0,-11831.0,1.0,3.21579e+17
168,8,0,1.0,1,321524.0,11874.0,11875.0,42.0,-11832.0,1.0,3.21524e+17
168,4,0,1.0,1,14287.0,5150.999999999999,5151.0,42.0,-5108.999999999999,9.094947017729282e-13,1.4287e+16
168,7,0,1.0,1,321579.0,11873.0,11874.0,42.0,-11831.0,1.0,3.21579e+17
168,8,0,1.0,1,321524.0,11874.0,11875.0,42.0,-11832.0,1.0,3.21524e+17
168,4,0,1.0,1,14287.0,5150.999999999999,5151.0,42.0,-5108.999999999999,9.094947017729282e-13,1.4287e+16
168,7,0,1.0,1,321579.0,11873.0,11874.0,42.0,-11831.0,1.0,3.21579e+17
168,8,0,1.0,1,321524.0,11874.0,11875.0,42.0,-11832.0,1.0,3.21524e+17
168,4,0,1.0,1,14287.0,5150.999999999999,5151.0,42.0,-5108.999999999999,9.094947017729282e-13,1.4287e+16
168,7,0,1.0,1,321579.0,11873.0,11874.0,42.0,-11831.0,1.0,3.21579e+17
168,8,0,1.0,1,321524.0,11874.0,11875.0,42.0,-11832.0,1.0,3.21524e+17
168,4,0,1.0,1,14287.0,5150.999999999999,5151.0,42.0,-5108.999999999999,9.094947017729282e-13,1.4287e+16
168,7,0,1.0,1,321579.0,11873.0,11874.0,42.0,-11831.0,1.0,3.21579e+17
168,8,0,1.0,1,321524.0,11874.0,11875.0,42.0,-11832.0,1.0,3.21524e+17
168,4,0,1.0,1,14287.0,5150.999999999999,5151.0,42.0,-5108.999999999999,9.094947017729282e-13,1.4287e+16
168,7,0,1.0,1,321579.0,11873.0,11874.0,42.0,-11831.0,1.0,3.21579e+17
168,8,0,1.0,1,321524.0,11874.0,11875.0,42.0,-11832.0,1.0,3.21524e+17
168,4,0,1.0,1,14287.0,5150.999999999999,5151.0,42.0,-5108.999999999999,9.094947017729282e-13,1.4287e+16
168,7,0,1.0,1,321579.0,11873.0,11874.0,42.0,-11831.0,1.0,3.21579e+17
168,8,0,1.0,1,321524.0,11874.0,11875.0,42.0,-11832.0,1.0,3.21524e+17
168,4,0,1.0,1,14287.0,5150.999999999999,5151.0,42.0,-5108.999999999999,9.094947017729282e-13,1.4287e+16
168,7,0,1.0,1,321579.0,11873.0,11874.0,42.0,-11831.0,1.0,3.21579e+17
168,8,0,1.0,1,321524.0,11874.0,11875.0,42.0,-11832.0,1.0,3.21524e+17
168,4,0,1.0,1,14287.0,5150.999999999999,5151.0,42.0,-5108.999999999999,9.094947017729282e-13,1.4287e+16
168,7,0,1.0,1,321579.0,11873.0,11874.0,42.0,-11831.0,1.0,3.21579e+17
168,8,0,1.0,1,321524.0,11874.0,11875.0,42.0,-11832.0,1.0,3.21524e+17
168,4,0,1.0,1,14287.0,5150.999999999999,5151.0,42.0,-5108.999999999999,9.094947017729282e-13,1.4287e+16
168,7,0,1.0,1,321579.0,11873.0,11874.0,42.0,-11831.0,1.0,3.21579e+17
168,8,0,1.0,1,321524.0,11874.0,11875.0,42.0,-11832.0,1.0,3.21524e+17
168,4,0,1.0,1,14287.0,5150.999999999999,5151.0,42.0,-5108.999999999999,9.094947017729282e-13,1.4287e+16
168,7,0,1.0,1,321579.0,11873.0,11874.0,42.0,-11831.0,1.0,3.21579e+17
168,8,0,1.0,1,321524.0,11874.0,11875.0,42.0,-11832.0,1.0,3.21524e+17
168,4,0,1.0,1,14287.0,5150.999999999999,5151.0,42.0,-5108.999999999999,9.094947017729282e-13,1.4287e+16
168,7,0,1.0,1,321579.0,11873.0,11874.0,42.0,-11831.0,1.0,3.21579e+17
168,8,0,1.0,1,321524.0,11874.0,11875.0,42.0,-11832.0,1.0,3.21524e+17
168,4,0,1.0,1,14287.0,5150.999999999999,5151.0,42.0,-5108.999999999999,9.094947017729282e-13,1.4287e+16
168,7,0,1.0,1,321579.0,11873.0,11874.0,42.0,-11831.0,1.0,3.21579e+17
168,8,0,1.0,1,321524.0,11874.0,11875.0,42.0,-11832.0,1.0,3.21524e+17
168,4,0,1.0,1,14287.0,5150.999999999999,5151.0,42.0,-5108.999999999999,9.094947017729282e-13,1.4287e+16
168,7,0,1.0,1,321579.0,11873.0,11874.0,42.0,-11831.0,1.0,3.21579e+17
168,8,0,1.0,1,321524.0,11874.0,11875.0,42.0,-11832.0,1.0,3.21524e+17
168,4,0,1.0,1,14287.0,5150.999999999999,5151.0,42.0,-5108.999999999999,9.094947017729282e-13,1.4287e+16
168,7,0,1.0,1,321579.0,11873.0,11874.0,42.0,-11831.0,1.0,3.21579e+17
168,8,0,1.0,1,321524.0,11874.0,11875.0,42.0,-11832.0,1.0,3.21524e+17
168,4,0,1.0,1,14287.0,5150.999999999999,5151.0,42.0,-5108.999999999999,9.094947017729282e-13,1.4287e+16
168,7,0,1.0,1,321579.0,11873.0,11874.0,42.0,-11831.0,1.0,3.21579e+17
168,8,0,1.0,1,321524.0,11874.0,11875.0,42.0,-11832.0,1.0,3.21524e+17
168,4,0,1.0,1,14287.0,5150.999999999999,5151.0,42.0,-5108.999999999999,9.094947017729282e-13,1.4287e+16
168,7,0,1.0,1,321579.0,11873.0,11874.0,42.0,-11831.0,1.0,3.21579e+17
168,8,0,1.0,1,321524.0,11874.0,11875.0,42.0,-11832.0,1.0,3.21524e+17
168,4,0,1.0,1,14287.0,5150.999999999999,5151.0,42.0,-5108.999999999999,9.094947017729282e-13,1.4287e+16
168,7,0,1.0,1,321579.0,11873.0,11874.0,42.0,-11831.0,1.0,3.21579e+17
168,8,0,1.0,1,321524.0,11874.0,11875.0,42.0,-11832.0,1.0,3.21524e+17
168,4,0,1.0,1,14287.0,5150.999999999999,5151.0,42.0,-5108.999999999999,9.094947017729282e-13,1.4287e+16
168,7,0,1.0,1,321579.0,11873.0,11874.0,42.0,-11831.0,1.0,3.21579e+17
168,8,0,1.0,1,321524.0,11874.0,11875.0,42.0,-11832.0,1.0,3.21524e+17
168,4,0,1.0,1,14287.0,5150.999999999999,5151.0,42.0,-5108.999999999999,9.094947017729282e-13,1.4287e+16
168,7,0,1.0,1,321579.0,11873.0,11874.0,42.0,-11831.0,1.0,3.21579e+17
168,8,0,1.0,1,321524.0,11874.0,11875.0,42.0,-11832.0,1.0,3.21524e+17
168,4,0,1.0,1,14287.0,5150.999999999999,5151.0,42.0,-5108.999999999999,9.094947017729282e-13,1.4287e+16
168,7,0,1.0,1,321579.0,11873.0,11874.0,42.0,-11831.0,1.0,3.21579e+17
168,8,0,1.0,1,321524.0,11874.0,11875.0,42.0,-11832.0,1.0,3.21524e+17
168,2,0,1.0,1,1952.999999999999,39.0,40.0,1992.999999999999,1953.999999999999,1.0,1952999999999999.0
168,5,0,1.0,1,3596.0,5150.999999999999,5152.0,8748.0,3597.000000000001,1.0000000000009095,3596000000000000.0
168,3,0,1.0,1,11487.000000000002,849.9999999999991,850.0,12337.000000000002,11487.000000000004,9.094947017729282e-13,1.1487000000000002e+16
168,6,0,1.0,1,3586.0,9120.0,9121.0,12707.0,3587.0,1.0,3586000000000000.0
169,2,0,1.0,1,1952.999999999999,39.0,40.0,1992.999999999999,1953.999999999999,1.0,1952999999999999.0
169,5,0,1.0,1,3596.0,5150.999999999999,5152.0,8748.0,3597.000000000001,1.0000000000009095,3596000000000000.0
169,3,0,1.0,1,11487.000000000002,849.9999999999991,850.0,12337.000000000002,11487.000000000004,9.094947017729282e-13,1.1487000000000002e+16
169,6,0,1.0,1,3586.0,9120.0,9121.0,12707.0,3587.0,1.0,3586000000000000.0
170,2,0,1.0,1,1952.999999999999,39.0,40.0,1992.999999999999,1953.999999999999,1.0,1952999999999999.0
170,5,0,1.0,1,3596.0,5150.999999999999,5152.0,8748.0,3597.000000000001,1.0000000000009095,3596000000000000.0
170,3,0,1.0,1,11487.000000000002,849.9999999999991,850.0,12337.000000000002,11487.000000000004,9.094947017729282e-13,1.1487000000000002e+16
170,6,0,1.0,1,3586.0,9120.0,9121.0,12707.0,3587.0,1.0,3586000000000000.0
171,2,0,1.0,1,1952.999999999999,39.0,40.0,1992.999999999999,1953.999999999999,1.0,1952999999999999.0
171,5,0,1.0,1,3596.0,5150.999999999999,5152.0,8748.0,3597.000000000001,1.0000000000009095,3596000000000000.0
171,3,0,1.0,1,11487.000000000002,849.9999999999991,850.0,12337.000000000002,11487.000000000004,9.094947017729282e-13,1.1487000000000002e+16
171,6,0,1.0,1,3586.0,9120.0,9121.0,12707.0,3587.0,1.0,3586000000000000.0
172,2,0,1.0,1,1952.999999999999,39.0,40.0,1992.999999999999,1953.999999999999,1.0,1952999999999999.0
172,5,0,1.0,1,3596.0,5150.999999999999,5152.0,8748.0,3597.000000000001,1.0000000000009095,3596000000000000.0
172,3,0,1.0,1,11487.000000000002,849.9999999999991,850.0,12337.000000000002,11487.000000000004,9.094947017729282e-13,1.1487000000000002e+16
172,6,0,1.0,1,3586.0,9120.0,9121.0,12707.0,3587.0,1.0,3586000000000000.0
173,2,0,1.0,1,1952.999999999999,39.0,40.0,1992.999999999999,1953.999999999999,1.0,1952999999999999.0
173,5,0,1.0,1,3596.0,5150.999999999999,5152.0,8748.0,3597.000000000001,1.0000000000009095,3596000000000000.0
173,3,0,1.0,1,11487.000000000002,849.9999999999991,850.0,12337.000000000002,11487.000000000004,9.094947017729282e-13,1.1487000000000002e+16
173,6,0,1.0,1,3586.0,9120.0,9121.0,12707.0,3587.0,1.0,3586000000000000.0
174,2,0,1.0,1,1952.999999999999,39.0,40.0,1992.999999999999,1953.999999999999,1.0,1952999999999999.0
174,5,0,1.0,1,3596.0,5150.999999999999,5152.0,8748.0,3597.000000000001,1.0000000000009095,3596000000000000.0
174,3,0,1.0,1,11487.000000000002,849.9999999999991,850.0,12337.000000000002,11487.000000000004,9.094947017729282e-13,1.1487000000000002e+16
174,6,0,1.0,1,3586.0,9120.0,9121.0,12707.0,3587.0,1.0,3586000000000000.0
175,2,0,1.0,1,1952.999999999999,39.0,40.0,1992.999999999999,1953.999999999999,1.0,1952999999999999.0
175,5,0,1.0,1,3596.0,5150.999999999999,5152.0,8748.0,3597.000000000001,1.0000000000009095,3596000000000000.0
175,3,0,1.0,1,11487.000000000002,849.9999999999991,850.0,12337.000000000002,11487.000000000004,9.094947017729282e-13,1.1487000000000002e+16
175,6,0,1.0,1,3586.0,9120.0,9121.0,12707.0,3587.0,1.0,3586000000000000.0
176,2,0,1.0,1,1952.999999999999,39.0,40.0,1992.999999999999,1953.999999999999,1.0,1952999999999999.0
176,5,0,1.0,1,3596.0,5150.999999999999,5152.0,8748.0,3597.000000000001,1.0000000000009095,3596000000000000.0
176,3,0,1.0,1,11487.000000000002,849.9999999999991,850.0,12337.000000000002,11487.000000000004,9.094947017729282e-13,1.1487000000000002e+16
176,6,0,1.0,1,3586.0,9120.0,9121.0,12707.0,3587.0,1.0,3586000000000000.0
177,2,0,1.0,1,1952.999999999999,39.0,40.0,1992.999999999999,1953.999999999999,1.0,1952999999999999.0
177,5,0,1.0,1,3596.0,5150.999999999999,5152.0,8748.0,3597.000000000001,1.0000000000009095,3596000000000000.0
177,3,0,1.0,1,11487.000000000002,849.9999999999991,850.0,12337.000000000002,11487.000000000004,9.094947017729282e-13,1.1487000000000002e+16
177,6,0,1.0,1,3586.0,9120.0,9121.0,12707.0,3587.0,1.0,3586000000000000.0
178,2,0,1.0,1,1952.999999999999,39.0,40.0,1992.999999999999,1953.999999999999,1.0,1952999999999999.0
178,5,0,1.0,1,3596.0,5150.999999999999,5152.0,8748.0,3597.000000000001,1.0000000000009095,3596000000000000.0
178,3,0,1.0,1,11487.000000000002,849.9999999999991,850.0,12337.000000000002,11487.000000000004,9.094947017729282e-13,1.1487000000000002e+16
178,6,0,1.0,1,3586.0,9120.0,9121.0,12707.0,3587.0,1.0,3586000000000000.0
179,2,0,1.0,1,1952.999999999999,39.0,40.0,1992.999999999999,1953.999999999999,1.0,1952999999999999.0
179,5,0,1.0,1,3596.0,5150.999999999999,5152.0,8748.0,3597.000000000001,1.0000000000009095,3596000000000000.0
179,3,0,1.0,1,11487.000000000002,849.9999999999991,850.0,12337.000000000002,11487.000000000004,9.094947017729282e-13,1.1487000000000002e+16
179,6,0,1.0,1,3586.0,9120.0,9121.0,12707.0,3587.0,1.0,3586000000000000.0
180,2,0,1.0,1,1952.999999999999,39.0,40.0,1992.999999999999,1953.999999999999,1.0,1952999999999999.0
180,5,0,1.0,1,3596.0,5150.999999999999,5152.0,8748.0,3597.000000000001,1.0000000000009095,3596000000000000.0
180,3,0,1.0,1,11487.000000000002,849.9999999999991,850.0,12337.000000000002,11487.000000000004,9.094947017729282e-13,1.1487000000000002e+16
180,6,0,1.0,1,3586.0,9120.0,9121.0,12707.0,3587.0,1.0,3586000000000000.0
181,2,0,1.0,1,1952.999999999999,39.0,40.0,1992.999999999999,1953.999999999999,1.0,1952999999999999.0
181,5,0,1.0,1,3596.0,5150.999999999999,5152.0,8748.0,3597.000000000001,1.0000000000009095,3596000000000000.0
181,3,0,1.0,1,11487.000000000002,849.9999999999991,850.0,12337.000000000002,11487.000000000004,9.094947017729282e-13,1.1487000000000002e+16
181,6,0,1.0,1,3586.0,9120.0,9121.0,12707.0,3587.0,1.0,3586000000000000.0
